Workbook

Sheet Analysis Input

Sheet Add Support
A2: Add Support | J2: Active
J3: Passive
A5: Toe Block Support
A6: Nature of Force Application | B6: 2
A7: Magnitude, T = | C7: kN
A8: Orientation, i = | C8: °
A9: Optimum Orientation (against sliding) = | C9: ° (Based on Mean Block Geometry)
A10: Optimum Orientation (against toppling) = | C10: ° (Based on Mean Block Geometry)
A12: Bolt Blocks Together
A14: Effective Width = | C14: x Actual Block Width | G14: Example of Toe Block Support

Sheet Results
A2: Results
H3: Summary of Kinematic Probabilities | O3: Distribution of the Factor of Safety
B5: Kinematic Probability of Block Toppling Failure (Pf Kinematic) | F5: 0.615 | I5: Kinematic Mode | L5: Number of Trials | M5: Kinematic Probability
B7: Kinetic Probability of Block Toppling Failure (Pf Kinetic | Kinematic) | F7: 0.23577236 | I7: Block Toppling | L7: 615 | M7: 0.615
I8: Sliding on Set A Only | L8: 28 | M8: 0.028
B9: Total Probability of Block Toppling Failure (Pf Kinematic) x (Pf Kinetic | Kinematic) | F9: 0.145 | I9: Toppling on Set B Only | L9: 97 | M9: 0.097
I10: Sliding and Toppling | L10: 144 | M10: 0.144
B11: Mean FS | Kinematically Feasible | F11: 1.1822268 | I11: No Kinematic Failure | L11: 116 | M11: 0.116
B12: Median FS | Kinematically Feasible | F12: 1.1452872 | I12: Total | L12: 1000 | M12: 1
H14: Summary of Kinetic Probabilities
I16: Critical Failure Mode for Toe Block(s) | J16: Number of Trials | M16: Pf kinetic
J17: Total | K17: Stable | L17: Unstable
I18: Sliding | J18: 615 | K18: 470 | L18: 145 | M18: 0.23577236
I19: Toppling | J19: 0 | K19: 0 | L19: 0 | M19: 0
I20: Total | J20: 615 | K20: 470 | L20: 145 | M20: 0.23577236
H22: Summary of Support
I24: Support | J24: Yes/No | K24: Magnitude, T (kN) | L24: Orientation, i (°) | M24: Active/ Passive?
I25: Toe Block | J25: No | K25: - | L25: - | M25: -
I26: Blocks Bolted Together | J26: No | K26: - | L26: - | M26: -
A106: 100
A107: 1
M265: -
A1006: 1000
A1007: 1
A5005: 1
A5006: 4999
A5007: 0.9998

Sheet Frequency
A1: Bin | B1: Frequency (Sliding) | C1: Probability Density | D1: Frequency (Topple) | E1: Probability Density | F1: Cumulative (Frequency) | G1: Cumlative (Sliding Frequency ) | H1: Cumulative (Toppling Toppling ) | I1: Cumulative Probability (Sliding) | J1: Cumulative Probability (Toppling) | K1: Cumulative Probability (Total)
B2: {=FREQUENCY('Analysis Details 2'!Z3:Z25000,Frequency!A2:A25000)} -> 0 | C2: =IF(A2="","",B2/(SUM(Results!$J$18:$J$19))) | D2: {=FREQUENCY('Analysis Details 2'!AA3:AA25000,Frequency!A2:A25000)} -> 0 | E2: =IF(A2="","",D2/SUM(Results!$J$18:$J$19))
A3: 0.1 | B3: 0 | C3: =IF(A3="","",B3/(SUM(Results!$J$18:$J$19))) -> 0 | D3: 0 | E3: =IF(A3="","",D3/SUM(Results!$J$18:$J$19)) -> 0 | F3: =IF(A3="","",(B3+D3+F2)/Results!L$12) -> 0 | G3: =IF(A3="","",(B3+G2)) -> 0 | H3: =IF(A3="","",(D3+H2)) -> 0 | I3: =IF(A3="","",G3/Results!$J$18) -> 0 | J3: =IF(A3="","",H3/Results!$J$19) -> #DIV/0! | K3: =IF(A3="","",F3/Results!$J$20) -> 0
A4: 0.2 | B4: 0 | C4: =IF(A4="","",B4/(SUM(Results!$J$18:$J$19))) -> 0 | D4: 0 | E4: =IF(A4="","",D4/SUM(Results!$J$18:$J$19)) -> 0 | F4: =IF(A4="","",(B4+D4+F3)) -> 0 | G4: =IF(A4="","",(B4+G3)) -> 0 | H4: =IF(A4="","",(D4+H3)) -> 0 | I4: =IF(A4="","",G4/Results!$J$18) -> 0 | J4: =IF(A4="","",H4/Results!$J$19) -> #DIV/0! | K4: =IF(A4="","",F4/Results!$J$20) -> 0
A5: 0.3 | B5: 0 | C5: =IF(A5="","",B5/(SUM(Results!$J$18:$J$19))) -> 0 | D5: 0 | E5: =IF(A5="","",D5/SUM(Results!$J$18:$J$19)) -> 0 | F5: =IF(A5="","",(B5+D5+F4)) -> 0 | G5: =IF(A5="","",(B5+G4)) -> 0 | H5: =IF(A5="","",(D5+H4)) -> 0 | I5: =IF(A5="","",G5/Results!$J$18) -> 0 | J5: =IF(A5="","",H5/Results!$J$19) -> #DIV/0! | K5: =IF(A5="","",F5/Results!$J$20) -> 0
A6: 0.4 | B6: 0 | C6: =IF(A6="","",B6/(SUM(Results!$J$18:$J$19))) -> 0 | D6: 0 | E6: =IF(A6="","",D6/SUM(Results!$J$18:$J$19)) -> 0 | F6: =IF(A6="","",(B6+D6+F5)) -> 0 | G6: =IF(A6="","",(B6+G5)) -> 0 | H6: =IF(A6="","",(D6+H5)) -> 0 | I6: =IF(A6="","",G6/Results!$J$18) -> 0 | J6: =IF(A6="","",H6/Results!$J$19) -> #DIV/0! | K6: =IF(A6="","",F6/Results!$J$20) -> 0
A7: 0.5 | B7: 6 | C7: =IF(A7="","",B7/(SUM(Results!$J$18:$J$19))) -> 0.0097560976 | D7: 0 | E7: =IF(A7="","",D7/SUM(Results!$J$18:$J$19)) -> 0 | F7: =IF(A7="","",(B7+D7+F6)) -> 6 | G7: =IF(A7="","",(B7+G6)) -> 6 | H7: =IF(A7="","",(D7+H6)) -> 0 | I7: =IF(A7="","",G7/Results!$J$18) -> 0.0097560976 | J7: =IF(A7="","",H7/Results!$J$19) -> #DIV/0! | K7: =IF(A7="","",F7/Results!$J$20) -> 0.0097560976
A8: 0.6 | B8: 22 | C8: =IF(A8="","",B8/(SUM(Results!$J$18:$J$19))) -> 0.035772358 | D8: 0 | E8: =IF(A8="","",D8/SUM(Results!$J$18:$J$19)) -> 0 | F8: =IF(A8="","",(B8+D8+F7)) -> 28 | G8: =IF(A8="","",(B8+G7)) -> 28 | H8: =IF(A8="","",(D8+H7)) -> 0 | I8: =IF(A8="","",G8/Results!$J$18) -> 0.045528455 | J8: =IF(A8="","",H8/Results!$J$19) -> #DIV/0! | K8: =IF(A8="","",F8/Results!$J$20) -> 0.045528455
A9: 0.7 | B9: 48 | C9: =IF(A9="","",B9/(SUM(Results!$J$18:$J$19))) -> 0.07804878 | D9: 0 | E9: =IF(A9="","",D9/SUM(Results!$J$18:$J$19)) -> 0 | F9: =IF(A9="","",(B9+D9+F8)) -> 76 | G9: =IF(A9="","",(B9+G8)) -> 76 | H9: =IF(A9="","",(D9+H8)) -> 0 | I9: =IF(A9="","",G9/Results!$J$18) -> 0.12357724 | J9: =IF(A9="","",H9/Results!$J$19) -> #DIV/0! | K9: =IF(A9="","",F9/Results!$J$20) -> 0.12357724
A10: 0.8 | B10: 37 | C10: =IF(A10="","",B10/(SUM(Results!$J$18:$J$19))) -> 0.060162602 | D10: 0 | E10: =IF(A10="","",D10/SUM(Results!$J$18:$J$19)) -> 0 | F10: =IF(A10="","",(B10+D10+F9)) -> 113 | G10: =IF(A10="","",(B10+G9)) -> 113 | H10: =IF(A10="","",(D10+H9)) -> 0 | I10: =IF(A10="","",G10/Results!$J$18) -> 0.18373984 | J10: =IF(A10="","",H10/Results!$J$19) -> #DIV/0! | K10: =IF(A10="","",F10/Results!$J$20) -> 0.18373984
A11: 0.9 | B11: 32 | C11: =IF(A11="","",B11/(SUM(Results!$J$18:$J$19))) -> 0.05203252 | D11: 0 | E11: =IF(A11="","",D11/SUM(Results!$J$18:$J$19)) -> 0 | F11: =IF(A11="","",(B11+D11+F10)) -> 145 | G11: =IF(A11="","",(B11+G10)) -> 145 | H11: =IF(A11="","",(D11+H10)) -> 0 | I11: =IF(A11="","",G11/Results!$J$18) -> 0.23577236 | J11: =IF(A11="","",H11/Results!$J$19) -> #DIV/0! | K11: =IF(A11="","",F11/Results!$J$20) -> 0.23577236
A12: 1 | B12: 108 | C12: =IF(A12="","",B12/(SUM(Results!$J$18:$J$19))) -> 0.17560976 | D12: 0 | E12: =IF(A12="","",D12/SUM(Results!$J$18:$J$19)) -> 0 | F12: =IF(A12="","",(B12+D12+F11)) -> 253 | G12: =IF(A12="","",(B12+G11)) -> 253 | H12: =IF(A12="","",(D12+H11)) -> 0 | I12: =IF(A12="","",G12/Results!$J$18) -> 0.41138211 | J12: =IF(A12="","",H12/Results!$J$19) -> #DIV/0! | K12: =IF(A12="","",F12/Results!$J$20) -> 0.41138211
A13: 1.1 | B13: 90 | C13: =IF(A13="","",B13/(SUM(Results!$J$18:$J$19))) -> 0.14634146 | D13: 0 | E13: =IF(A13="","",D13/SUM(Results!$J$18:$J$19)) -> 0 | F13: =IF(A13="","",(B13+D13+F12)) -> 343 | G13: =IF(A13="","",(B13+G12)) -> 343 | H13: =IF(A13="","",(D13+H12)) -> 0 | I13: =IF(A13="","",G13/Results!$J$18) -> 0.55772358 | J13: =IF(A13="","",H13/Results!$J$19) -> #DIV/0! | K13: =IF(A13="","",F13/Results!$J$20) -> 0.55772358
A14: 1.2 | B14: 93 | C14: =IF(A14="","",B14/(SUM(Results!$J$18:$J$19))) -> 0.15121951 | D14: 0 | E14: =IF(A14="","",D14/SUM(Results!$J$18:$J$19)) -> 0 | F14: =IF(A14="","",(B14+D14+F13)) -> 436 | G14: =IF(A14="","",(B14+G13)) -> 436 | H14: =IF(A14="","",(D14+H13)) -> 0 | I14: =IF(A14="","",G14/Results!$J$18) -> 0.70894309 | J14: =IF(A14="","",H14/Results!$J$19) -> #DIV/0! | K14: =IF(A14="","",F14/Results!$J$20) -> 0.70894309
A15: 1.3 | B15: 54 | C15: =IF(A15="","",B15/(SUM(Results!$J$18:$J$19))) -> 0.087804878 | D15: 0 | E15: =IF(A15="","",D15/SUM(Results!$J$18:$J$19)) -> 0 | F15: =IF(A15="","",(B15+D15+F14)) -> 490 | G15: =IF(A15="","",(B15+G14)) -> 490 | H15: =IF(A15="","",(D15+H14)) -> 0 | I15: =IF(A15="","",G15/Results!$J$18) -> 0.79674797 | J15: =IF(A15="","",H15/Results!$J$19) -> #DIV/0! | K15: =IF(A15="","",F15/Results!$J$20) -> 0.79674797
... A31: 2.9 | B31: 0 | C31: =IF(A31="","",B31/(SUM(Results!$J$18:$J$19))) -> 0 | D31: 0 | E31: =IF(A31="","",D31/SUM(Results!$J$18:$J$19)) -> 0 | F31: =IF(A31="","",(B31+D31+F30)) -> 615 | G31: =IF(A31="","",(B31+G30)) -> 615 | H31: =IF(A31="","",(D31+H30)) -> 0 | I31: =IF(A31="","",G31/Results!$J$18) -> 1 | J31: =IF(A31="","",H31/Results!$J$19) -> #DIV/0! | K31: =IF(A31="","",F31/Results!$J$20) -> 1
B32: #N/A | C32: =IF(A32="","",B32/(SUM(Results!$J$18:$J$19))) | D32: #N/A | E32: =IF(A32="","",D32/SUM(Results!$J$18:$J$19)) | F32: =IF(A32="","",(B32+D32+F31)) | G32: =IF(A32="","",(B32+G31)) | H32: =IF(A32="","",(D32+H31)) | I32: =IF(A32="","",G32/Results!$J$18) | J32: =IF(A32="","",H32/Results!$J$19) | K32: =IF(A32="","",F32/Results!$J$20)
B33: #N/A | C33: =IF(A33="","",B33/(SUM(Results!$J$18:$J$19))) | D33: #N/A | E33: =IF(A33="","",D33/SUM(Results!$J$18:$J$19)) | F33: =IF(A33="","",(B33+D33+F32)) | G33: =IF(A33="","",(B33+G32)) | H33: =IF(A33="","",(D33+H32)) | I33: =IF(A33="","",G33/Results!$J$18) | J33: =IF(A33="","",H33/Results!$J$19) | K33: =IF(A33="","",F33/Results!$J$20)
B34: #N/A | C34: =IF(A34="","",B34/(SUM(Results!$J$18:$J$19))) | D34: #N/A | E34: =IF(A34="","",D34/SUM(Results!$J$18:$J$19)) | F34: =IF(A34="","",(B34+D34+F33)) | G34: =IF(A34="","",(B34+G33)) | H34: =IF(A34="","",(D34+H33)) | I34: =IF(A34="","",G34/Results!$J$18) | J34: =IF(A34="","",H34/Results!$J$19) | K34: =IF(A34="","",F34/Results!$J$20)
B35: #N/A | C35: =IF(A35="","",B35/(SUM(Results!$J$18:$J$19))) | D35: #N/A | E35: =IF(A35="","",D35/SUM(Results!$J$18:$J$19)) | F35: =IF(A35="","",(B35+D35+F34)) | G35: =IF(A35="","",(B35+G34)) | H35: =IF(A35="","",(D35+H34)) | I35: =IF(A35="","",G35/Results!$J$18) | J35: =IF(A35="","",H35/Results!$J$19) | K35: =IF(A35="","",F35/Results!$J$20)
B36: #N/A | C36: =IF(A36="","",B36/(SUM(Results!$J$18:$J$19))) | D36: #N/A | E36: =IF(A36="","",D36/SUM(Results!$J$18:$J$19)) | F36: =IF(A36="","",(B36+D36+F35)) | G36: =IF(A36="","",(B36+G35)) | H36: =IF(A36="","",(D36+H35)) | I36: =IF(A36="","",G36/Results!$J$18) | J36: =IF(A36="","",H36/Results!$J$19) | K36: =IF(A36="","",F36/Results!$J$20)
B37: #N/A | C37: =IF(A37="","",B37/(SUM(Results!$J$18:$J$19))) | D37: #N/A | E37: =IF(A37="","",D37/SUM(Results!$J$18:$J$19)) | F37: =IF(A37="","",(B37+D37+F36)) | G37: =IF(A37="","",(B37+G36)) | H37: =IF(A37="","",(D37+H36)) | I37: =IF(A37="","",G37/Results!$J$18) | J37: =IF(A37="","",H37/Results!$J$19) | K37: =IF(A37="","",F37/Results!$J$20)
B38: #N/A | C38: =IF(A38="","",B38/(SUM(Results!$J$18:$J$19))) | D38: #N/A | E38: =IF(A38="","",D38/SUM(Results!$J$18:$J$19)) | F38: =IF(A38="","",(B38+D38+F37)) | G38: =IF(A38="","",(B38+G37)) | H38: =IF(A38="","",(D38+H37)) | I38: =IF(A38="","",G38/Results!$J$18) | J38: =IF(A38="","",H38/Results!$J$19) | K38: =IF(A38="","",F38/Results!$J$20)
B39: #N/A | C39: =IF(A39="","",B39/(SUM(Results!$J$18:$J$19))) | D39: #N/A | E39: =IF(A39="","",D39/SUM(Results!$J$18:$J$19)) | F39: =IF(A39="","",(B39+D39+F38)) | G39: =IF(A39="","",(B39+G38)) | H39: =IF(A39="","",(D39+H38)) | I39: =IF(A39="","",G39/Results!$J$18) | J39: =IF(A39="","",H39/Results!$J$19) | K39: =IF(A39="","",F39/Results!$J$20)
B40: #N/A | C40: =IF(A40="","",B40/(SUM(Results!$J$18:$J$19))) | D40: #N/A | E40: =IF(A40="","",D40/SUM(Results!$J$18:$J$19)) | F40: =IF(A40="","",(B40+D40+F39)) | G40: =IF(A40="","",(B40+G39)) | H40: =IF(A40="","",(D40+H39)) | I40: =IF(A40="","",G40/Results!$J$18) | J40: =IF(A40="","",H40/Results!$J$19) | K40: =IF(A40="","",F40/Results!$J$20)
B41: #N/A | C41: =IF(A41="","",B41/(SUM(Results!$J$18:$J$19))) | D41: #N/A | E41: =IF(A41="","",D41/SUM(Results!$J$18:$J$19)) | F41: =IF(A41="","",(B41+D41+F40)) | G41: =IF(A41="","",(B41+G40)) | H41: =IF(A41="","",(D41+H40)) | I41: =IF(A41="","",G41/Results!$J$18) | J41: =IF(A41="","",H41/Results!$J$19) | K41: =IF(A41="","",F41/Results!$J$20)
B42: #N/A | C42: =IF(A42="","",B42/(SUM(Results!$J$18:$J$19))) | D42: #N/A | E42: =IF(A42="","",D42/SUM(Results!$J$18:$J$19)) | F42: =IF(A42="","",(B42+D42+F41)) | G42: =IF(A42="","",(B42+G41)) | H42: =IF(A42="","",(D42+H41)) | I42: =IF(A42="","",G42/Results!$J$18) | J42: =IF(A42="","",H42/Results!$J$19) | K42: =IF(A42="","",F42/Results!$J$20)
B43: #N/A | C43: =IF(A43="","",B43/(SUM(Results!$J$18:$J$19))) | D43: #N/A | E43: =IF(A43="","",D43/SUM(Results!$J$18:$J$19)) | F43: =IF(A43="","",(B43+D43+F42)) | G43: =IF(A43="","",(B43+G42)) | H43: =IF(A43="","",(D43+H42)) | I43: =IF(A43="","",G43/Results!$J$18) | J43: =IF(A43="","",H43/Results!$J$19) | K43: =IF(A43="","",F43/Results!$J$20)
... B1000: #N/A | C1000: =IF(A1000="","",B1000/(SUM(Results!$J$18:$J$19))) | D1000: #N/A | E1000: =IF(A1000="","",D1000/SUM(Results!$J$18:$J$19)) | F1000: =IF(A1000="","",(B1000+D1000+F999)) | G1000: =IF(A1000="","",(B1000+G999)) | H1000: =IF(A1000="","",(D1000+H999)) | I1000: =IF(A1000="","",G1000/Results!$J$18) | J1000: =IF(A1000="","",H1000/Results!$J$19) | K1000: =IF(A1000="","",F1000/Results!$J$20)

Sheet Analysis Details 1
A1: Coordinates Defining Mean Geometry
A2: Total Blocks = | B2: 8 | G2: Pore Pressure = | H2: 0.1
A4: Overall Slope Geometry | B4: x | C4: y
A5: Left Limit of Slope | B5: -10 | C5: 0
A6: Slope Toe | B6: 0 | C6: 0
A7: Slope Crest | B7: 5.4595535 | C7: 15
A8: Right Limit of Slope | B8: 27.164084 | C8: 15.94764
A9: Block | B9: x | C9: y | F9: water level | G9: x | H9: y
A10: Block 1 | B10: 0 | C10: 0 | F10: U/S | G10: 0 | H10: 0
B11: 0 | C11: 0 | F11: D/S | G11: 2.1422484 | H11: 1.4860828
B12: 2.2268488 | C12: 1.2296653
B13: 1.380845 | C13: 3.7938405
A14: Block 2 | B14: 1.380845 | C14: 3.7938405 | F14: U/S | G14: 2.1422484 | H14: 1.4860828
B15: 1.987742 | C15: 1.9543803 | F15: D/S | G15: 4.0693007 | H15: 3.6244092
B16: 4.2145908 | C16: 3.1840456
B17: 2.7616901 | C17: 7.5876811
A18: Block 3 | B18: 2.7616901 | C18: 7.5876811 | F18: U/S | G18: 4.0693007 | H18: 3.6244092
B19: 3.975484 | C19: 3.9087607 | F19: D/S | G19: 5.996353 | H19: 5.7627355
B20: 6.2023328 | C20: 5.138426
B21: 4.1425351 | C21: 11.381522
A22: Block 4 | B22: 4.1425351 | C22: 11.381522 | F22: U/S | G22: 5.996353 | H22: 5.7627355
B23: 5.9632261 | C23: 5.863141 | F23: D/S | G23: 7.9290183 | H23: 7.8840494
B24: 8.1900748 | C24: 7.0928063
B25: 5.5795098 | C25: 15.005237
A26: Block 5 | B26: 5.5795098 | C26: 15.005237 | F26: U/S | G26: 7.9290183 | H26: 7.8840494
B27: 7.9509681 | C27: 7.8175213 | F27: D/S | G27: 9.9775032 | H27: 9.6543225
B28: 10.177817 | C28: 9.0471866
B29: 8.1746808 | C29: 15.118545
A30: Block 6 | B30: 8.1746808 | C30: 15.118545 | F30: U/S | G30: 9.9775032 | H30: 9.6543225
B31: 9.9387101 | C31: 9.7719016 | F31: D/S | G31: 12.025988 | H31: 11.424596
B32: 12.165559 | C32: 11.001567
B33: 10.769852 | C33: 15.231853
A34: Block 7 | B34: 10.769852 | C34: 15.231853 | F34: U/S | G34: 12.025988 | H34: 11.424596
B35: 11.926452 | C35: 11.726282 | F35: D/S | G35: 14.074473 | H35: 13.194869
B36: 14.153301 | C36: 12.955947
B37: 13.365023 | C37: 15.34516
A38: Block 8 | B38: 13.365023 | C38: 15.34516 | F38: U/S | G38: 14.074473 | H38: 13.194869
B39: 13.914194 | C39: 13.680662 | F39: D/S | G39: 16.122958 | H39: 14.965142
B40: 16.141043 | C40: 14.910328 | G40: 27.164084 | H40: 15.94764
B41: 15.960194 | C41: 15.458468

Sheet Analysis Details 2
A1: Details of Toe Block Stability | H1: Summary of Kinematic Stability | L1: Summary of Kinetic Stability
A2: Trial | B2: ya (°) | C2: aa (°) | D2: yb (°) | E2: ab (°) | F2: fa (°) | G2: fb (°) | H2: Block Toppling | I2: Sliding on Set A Only | J2: Toppling on Set B Only | K2: Sliding and Toppling | L2: Total Number of Blocks, n | M2: Number of Stable Blocks Above Toe Block | N2: Failure Mode of n-1 Block | O2: Pn (kN) | P2: Rn (kN) | Q2: Sn (kN) | R2: Resisiting Force (kN) | S2: Driving Force (kN) | T2: Factor of Safety (sliding) | U2: Resisiting Moment (kN-m) | V2: Driving Moment (kN-m) | W2: Factor of Safety (toppling) | X2: Critical Failure Mode of Toe Block(s) | Y2: Factor of Safety | Z2: sliding | AA2: toppling | AB2: Factor of safety
A3: 1 | B3: 21 | C3: 42 | D3: 68 | E3: 222 | F3: 33 | G3: 33 | H3: TRUE | I3: FALSE | J3: FALSE | K3: FALSE | L3: 11 | M3: 0 | N3: Toppling | O3: 84.863864 | P3: 139.5419 | Q3: 118.56006 | R3: 91.9202 | S3: 118.56006 | T3: 0.77530492 | U3: 252.30668 | V3: 245.86442 | W3: 1.0262025 | X3: Sliding | Y3: 0.77530492 | Z3: =IF(X3="-","",IF(X3="Sliding",Y3,"")) -> 0.77530492 | AA3: =IF(X3="-","",IF(X3="Toppling",Y3,"")) | AB3: =IF(X3="invalid","Invalid",IF(Z3="",AA3,Z3)) -> 0.77530492
A4: 2 | B4: 21 | C4: 63 | D4: 76 | E4: 237 | F4: 36 | G4: 31 | H4: TRUE | I4: FALSE | J4: FALSE | K4: FALSE | L4: 9 | M4: 3 | N4: Stable | O4: 0 | P4: 130.53316 | Q4: 53.089096 | R4: 1062.5784 | S4: 589.59131 | T4: 1.8022287 | U4: 216.54589 | V4: 10.716589 | W4: - | X4: Sliding | Y4: 1.8022287 | Z4: =IF(X4="-","",IF(X4="Sliding",Y4,"")) -> 1.8022287 | AA4: =IF(X4="-","",IF(X4="Toppling",Y4,"")) | AB4: =IF(X4="invalid","Invalid",IF(Z4="",AA4,Z4)) -> 1.8022287
A5: 3 | B5: 26 | C5: 60 | D5: 73 | E5: 217 | F5: 37 | G5: 35 | H5: TRUE | I5: FALSE | J5: FALSE | K5: FALSE | L5: 9 | M5: 4 | N5: Stable | O5: 0 | P5: 51.398321 | Q5: 25.815578 | R5: 1062.4343 | S5: 706.54656 | T5: 1.5037003 | U5: 57.778126 | V5: 2.965539 | W5: - | X5: Sliding | Y5: 1.5037003 | Z5: =IF(X5="-","",IF(X5="Sliding",Y5,"")) -> 1.5037003 | AA5: =IF(X5="-","",IF(X5="Toppling",Y5,"")) | AB5: =IF(X5="invalid","Invalid",IF(Z5="",AA5,Z5)) -> 1.5037003
A6: 4 | B6: 34 | C6: 68 | D6: 62 | E6: 218 | F6: 36 | G6: 36 | H6: TRUE | I6: FALSE | J6: FALSE | K6: FALSE | L6: 7 | M6: 0 | N6: Sliding | O6: 43.702671 | P6: 75.69033 | Q6: 82.05408 | R6: 54.983474 | S6: 82.05408 | T6: 0.67008823 | U6: 143.39066 | V6: 99.680447 | W6: 1.4385034 | X6: Sliding | Y6: 0.67008823 | Z6: =IF(X6="-","",IF(X6="Sliding",Y6,"")) -> 0.67008823 | AA6: =IF(X6="-","",IF(X6="Toppling",Y6,"")) | AB6: =IF(X6="invalid","Invalid",IF(Z6="",AA6,Z6)) -> 0.67008823
A7: 5 | B7: 28 | C7: 52 | D7: 77 | E7: 214 | F7: 32 | G7: 32 | H7: FALSE | I7: FALSE | J7: FALSE | K7: FALSE | L7: - | M7: - | N7: - | O7: - | P7: - | Q7: - | R7: - | S7: - | T7: - | U7: - | V7: - | W7: - | X7: - | Y7: - | Z7: =IF(X7="-","",IF(X7="Sliding",Y7,"")) | AA7: =IF(X7="-","",IF(X7="Toppling",Y7,"")) | AB7: =IF(X7="invalid","Invalid",IF(Z7="",AA7,Z7))
A8: 6 | B8: 25 | C8: 35 | D8: 70 | E8: 232 | F8: 40 | G8: 36 | H8: FALSE | I8: FALSE | J8: TRUE | K8: FALSE | L8: - | M8: - | N8: - | O8: - | P8: - | Q8: - | R8: - | S8: - | T8: - | U8: - | V8: - | W8: - | X8: - | Y8: - | Z8: =IF(X8="-","",IF(X8="Sliding",Y8,"")) | AA8: =IF(X8="-","",IF(X8="Toppling",Y8,"")) | AB8: =IF(X8="invalid","Invalid",IF(Z8="",AA8,Z8))
A9: 7 | B9: 31 | C9: 43 | D9: 72 | E9: 214 | F9: 33 | G9: 30 | H9: FALSE | I9: FALSE | J9: FALSE | K9: FALSE | L9: - | M9: - | N9: - | O9: - | P9: - | Q9: - | R9: - | S9: - | T9: - | U9: - | V9: - | W9: - | X9: - | Y9: - | Z9: =IF(X9="-","",IF(X9="Sliding",Y9,"")) | AA9: =IF(X9="-","",IF(X9="Toppling",Y9,"")) | AB9: =IF(X9="invalid","Invalid",IF(Z9="",AA9,Z9))
A10: 8 | B10: 25 | C10: 42 | D10: 51 | E10: 205 | F10: 30 | G10: 33 | H10: FALSE | I10: FALSE | J10: FALSE | K10: FALSE | L10: - | M10: - | N10: - | O10: - | P10: - | Q10: - | R10: - | S10: - | T10: - | U10: - | V10: - | W10: - | X10: - | Y10: - | Z10: =IF(X10="-","",IF(X10="Sliding",Y10,"")) | AA10: =IF(X10="-","",IF(X10="Toppling",Y10,"")) | AB10: =IF(X10="invalid","Invalid",IF(Z10="",AA10,Z10))
A11: 9 | B11: 38 | C11: 54 | D11: 68 | E11: 223 | F11: 35 | G11: 33 | H11: FALSE | I11: FALSE | J11: FALSE | K11: TRUE | L11: - | M11: - | N11: - | O11: - | P11: - | Q11: - | R11: - | S11: - | T11: - | U11: - | V11: - | W11: - | X11: - | Y11: - | Z11: =IF(X11="-","",IF(X11="Sliding",Y11,"")) | AA11: =IF(X11="-","",IF(X11="Toppling",Y11,"")) | AB11: =IF(X11="invalid","Invalid",IF(Z11="",AA11,Z11))
A12: 10 | B12: 26 | C12: 65 | D12: 70 | E12: 226 | F12: 37 | G12: 29 | H12: TRUE | I12: FALSE | J12: FALSE | K12: FALSE | L12: 8 | M12: 7 | N12: Stable | O12: 0 | P12: 44.365966 | Q12: 22.299362 | R12: 1494.0976 | S12: 957.688 | T12: 1.5601089 | U12: 46.564429 | V12: 2.3695879 | W12: - | X12: Sliding | Y12: 1.5601089 | Z12: =IF(X12="-","",IF(X12="Sliding",Y12,"")) -> 1.5601089 | AA12: =IF(X12="-","",IF(X12="Toppling",Y12,"")) | AB12: =IF(X12="invalid","Invalid",IF(Z12="",AA12,Z12)) -> 1.5601089
A13: 11 | B13: 27 | C13: 49 | D13: 67 | E13: 219 | F13: 34 | G13: 35 | H13: TRUE | I13: FALSE | J13: FALSE | K13: FALSE | L13: 8 | M13: 1 | N13: Stable | O13: 0 | P13: 54.844754 | Q13: 29.649451 | R13: 150.13934 | S13: 126.70273 | T13: 1.1849732 | U13: 66.344005 | V13: 3.3815702 | W13: - | X13: Sliding | Y13: 1.1849732 | Z13: =IF(X13="-","",IF(X13="Sliding",Y13,"")) -> 1.1849732 | AA13: =IF(X13="-","",IF(X13="Toppling",Y13,"")) | AB13: =IF(X13="invalid","Invalid",IF(Z13="",AA13,Z13)) -> 1.1849732
A14: 12 | B14: 28 | C14: 51 | D14: 64 | E14: 232 | F14: 36 | G14: 29 | H14: TRUE | I14: FALSE | J14: FALSE | K14: FALSE | L14: 8 | M14: 0 | N14: Toppling | O14: 45.059313 | P14: 80.648015 | Q14: 77.514334 | R14: 59.26327 | S14: 77.514334 | T14: 0.76454595 | U14: 130.32369 | V14: 107.11274 | W14: 1.2166964 | X14: Sliding | Y14: 0.76454595 | Z14: =IF(X14="-","",IF(X14="Sliding",Y14,"")) -> 0.76454595 | AA14: =IF(X14="-","",IF(X14="Toppling",Y14,"")) | AB14: =IF(X14="invalid","Invalid",IF(Z14="",AA14,Z14)) -> 0.76454595
A15: 13 | B15: 27 | C15: 61 | D15: 71 | E15: 233 | F15: 36 | G15: 36 | H15: TRUE | I15: FALSE | J15: FALSE | K15: FALSE | L15: 7 | M15: 6 | N15: Stable | O15: 0 | P15: 64.921933 | Q15: 34.81802 | R15: 1166.9915 | S15: 838.11181 | T15: 1.3924055 | U15: 84.600356 | V15: 4.3717828 | W15: - | X15: Sliding | Y15: 1.3924055 | Z15: =IF(X15="-","",IF(X15="Sliding",Y15,"")) -> 1.3924055 | AA15: =IF(X15="-","",IF(X15="Toppling",Y15,"")) | AB15: =IF(X15="invalid","Invalid",IF(Z15="",AA15,Z15)) -> 1.3924055
A16: 14 | B16: 34 | C16: 34 | D16: 64 | E16: 223 | F16: 39 | G16: 38 | H16: FALSE | I16: FALSE | J16: TRUE | K16: FALSE | L16: - | M16: - | N16: - | O16: - | P16: - | Q16: - | R16: - | S16: - | T16: - | U16: - | V16: - | W16: - | X16: - | Y16: - | Z16: =IF(X16="-","",IF(X16="Sliding",Y16,"")) | AA16: =IF(X16="-","",IF(X16="Toppling",Y16,"")) | AB16: =IF(X16="invalid","Invalid",IF(Z16="",AA16,Z16))
A17: 15 | B17: 30 | C17: 41 | D17: 59 | E17: 210 | F17: 32 | G17: 35 | H17: FALSE | I17: FALSE | J17: FALSE | K17: FALSE | L17: - | M17: - | N17: - | O17: - | P17: - | Q17: - | R17: - | S17: - | T17: - | U17: - | V17: - | W17: - | X17: - | Y17: - | Z17: =IF(X17="-","",IF(X17="Sliding",Y17,"")) | AA17: =IF(X17="-","",IF(X17="Toppling",Y17,"")) | AB17: =IF(X17="invalid","Invalid",IF(Z17="",AA17,Z17))
A18: 16 | B18: 27 | C18: 44 | D18: 81 | E18: 249 | F18: 38 | G18: 38 | H18: TRUE | I18: FALSE | J18: FALSE | K18: FALSE | L18: 8 | M18: 7 | N18: Stable | O18: 0 | P18: 115.28163 | Q18: 61.781329 | R18: 1894.2525 | S18: 1265.7134 | T18: 1.4965888 | U18: 196.53303 | V18: 10.556263 | W18: - | X18: Sliding | Y18: 1.4965888 | Z18: =IF(X18="-","",IF(X18="Sliding",Y18,"")) -> 1.4965888 | AA18: =IF(X18="-","",IF(X18="Toppling",Y18,"")) | AB18: =IF(X18="invalid","Invalid",IF(Z18="",AA18,Z18)) -> 1.4965888
A19: 17 | B19: 29 | C19: 45 | D19: 70 | E19: 230 | F19: 32 | G19: 31 | H19: TRUE | I19: FALSE | J19: FALSE | K19: FALSE | L19: 8 | M19: 3 | N19: Stable | O19: 0 | P19: 82.947535 | Q19: 47.881254 | R19: 638.33008 | S19: 592.56348 | T19: 1.0772349 | U19: 126.40307 | V19: 6.6390989 | W19: - | X19: Sliding | Y19: 1.0772349 | Z19: =IF(X19="-","",IF(X19="Sliding",Y19,"")) -> 1.0772349 | AA19: =IF(X19="-","",IF(X19="Toppling",Y19,"")) | AB19: =IF(X19="invalid","Invalid",IF(Z19="",AA19,Z19)) -> 1.0772349
A20: 18 | B20: 31 | C20: 42 | D20: 71 | E20: 226 | F20: 37 | G20: 37 | H20: TRUE | I20: FALSE | J20: FALSE | K20: FALSE | L20: 8 | M20: 1 | N20: Stable | O20: 0 | P20: 120.08316 | Q20: 74.627262 | R20: 225.42181 | S20: 185.16343 | T20: 1.2174208 | U20: 228.01052 | V20: 12.310033 | W20: - | X20: Sliding | Y20: 1.2174208 | Z20: =IF(X20="-","",IF(X20="Sliding",Y20,"")) -> 1.2174208 | AA20: =IF(X20="-","",IF(X20="Toppling",Y20,"")) | AB20: =IF(X20="invalid","Invalid",IF(Z20="",AA20,Z20)) -> 1.2174208
A21: 19 | B21: 23 | C21: 39 | D21: 87 | E21: 213 | F21: 37 | G21: 37 | H21: FALSE | I21: FALSE | J21: FALSE | K21: FALSE | L21: - | M21: - | N21: - | O21: - | P21: - | Q21: - | R21: - | S21: - | T21: - | U21: - | V21: - | W21: - | X21: - | Y21: - | Z21: =IF(X21="-","",IF(X21="Sliding",Y21,"")) | AA21: =IF(X21="-","",IF(X21="Toppling",Y21,"")) | AB21: =IF(X21="invalid","Invalid",IF(Z21="",AA21,Z21))
A22: 20 | B22: 36 | C22: 57 | D22: 79 | E22: 235 | F22: 31 | G22: 37 | H22: FALSE | I22: FALSE | J22: FALSE | K22: TRUE | L22: - | M22: - | N22: - | O22: - | P22: - | Q22: - | R22: - | S22: - | T22: - | U22: - | V22: - | W22: - | X22: - | Y22: - | Z22: =IF(X22="-","",IF(X22="Sliding",Y22,"")) | AA22: =IF(X22="-","",IF(X22="Toppling",Y22,"")) | AB22: =IF(X22="invalid","Invalid",IF(Z22="",AA22,Z22))
A23: 21 | B23: 25 | C23: 51 | D23: 68 | E23: 221 | F23: 31 | G23: 36 | H23: TRUE | I23: FALSE | J23: FALSE | K23: FALSE | L23: 8 | M23: 2 | N23: Stable | O23: 0 | P23: 69.617441 | Q23: 33.715115 | R23: 384.10619 | S23: 315.1382 | T23: 1.21885 | U23: 90.794696 | V23: 4.5373008 | W23: - | X23: Sliding | Y23: 1.21885 | Z23: =IF(X23="-","",IF(X23="Sliding",Y23,"")) -> 1.21885 | AA23: =IF(X23="-","",IF(X23="Toppling",Y23,"")) | AB23: =IF(X23="invalid","Invalid",IF(Z23="",AA23,Z23)) -> 1.21885
A24: 22 | B24: 36 | C24: 66 | D24: 64 | E24: 221 | F24: 32 | G24: 35 | H24: FALSE | I24: FALSE | J24: FALSE | K24: TRUE | L24: - | M24: - | N24: - | O24: - | P24: - | Q24: - | R24: - | S24: - | T24: - | U24: - | V24: - | W24: - | X24: - | Y24: - | Z24: =IF(X24="-","",IF(X24="Sliding",Y24,"")) | AA24: =IF(X24="-","",IF(X24="Toppling",Y24,"")) | AB24: =IF(X24="invalid","Invalid",IF(Z24="",AA24,Z24))
A25: 23 | B25: 27 | C25: 39 | D25: 67 | E25: 228 | F25: 33 | G25: 34 | H25: TRUE | I25: FALSE | J25: FALSE | K25: FALSE | L25: 9 | M25: 0 | N25: Sliding | O25: 2.5477296 | P25: 51.372046 | Q25: 28.825745 | R25: 33.148536 | S25: 28.825745 | T25: 1.1499629 | U25: 60.417557 | V25: 8.637874 | W25: 6.9944938 | X25: Sliding | Y25: 1.1499629 | Z25: =IF(X25="-","",IF(X25="Sliding",Y25,"")) -> 1.1499629 | AA25: =IF(X25="-","",IF(X25="Toppling",Y25,"")) | AB25: =IF(X25="invalid","Invalid",IF(Z25="",AA25,Z25)) -> 1.1499629
A26: 24 | B26: 32 | C26: 62 | D26: 65 | E26: 240 | F26: 33 | G26: 35 | H26: TRUE | I26: FALSE | J26: FALSE | K26: FALSE | L26: 8 | M26: 0 | N26: Sliding | O26: 30.999602 | P26: 63.252746 | Q26: 63.211651 | R26: 41.357256 | S26: 63.211651 | T26: 0.65426634 | U26: 103.2019 | V26: 71.598645 | W26: 1.4413946 | X26: Sliding | Y26: 0.65426634 | Z26: =IF(X26="-","",IF(X26="Sliding",Y26,"")) -> 0.65426634 | AA26: =IF(X26="-","",IF(X26="Toppling",Y26,"")) | AB26: =IF(X26="invalid","Invalid",IF(Z26="",AA26,Z26)) -> 0.65426634
A27: 25 | B27: 25 | C27: 48 | D27: 66 | E27: 224 | F27: 32 | G27: 37 | H27: TRUE | I27: FALSE | J27: FALSE | K27: FALSE | L27: 9 | M27: 0 | N27: Toppling | O27: 77.698749 | P27: 155.05901 | Q27: 126.66469 | R27: 96.479399 | S27: 126.66469 | T27: 0.76169137 | U27: 323.22892 | V27: 240.84429 | W27: 1.3420659 | X27: Sliding | Y27: 0.76169137 | Z27: =IF(X27="-","",IF(X27="Sliding",Y27,"")) -> 0.76169137 | AA27: =IF(X27="-","",IF(X27="Toppling",Y27,"")) | AB27: =IF(X27="invalid","Invalid",IF(Z27="",AA27,Z27)) -> 0.76169137
A28: 26 | B28: 31 | C28: 37 | D28: 70 | E28: 216 | F28: 35 | G28: 35 | H28: TRUE | I28: FALSE | J28: FALSE | K28: FALSE | L28: 7 | M28: 1 | N28: Stable | O28: 0 | P28: 76.92174 | Q28: 49.444001 | R28: 221.24544 | S28: 202.68377 | T28: 1.0915794 | U28: 119.13012 | V28: 6.4854011 | W28: - | X28: Sliding | Y28: 1.0915794 | Z28: =IF(X28="-","",IF(X28="Sliding",Y28,"")) -> 1.0915794 | AA28: =IF(X28="-","",IF(X28="Toppling",Y28,"")) | AB28: =IF(X28="invalid","Invalid",IF(Z28="",AA28,Z28)) -> 1.0915794
A29: 27 | B29: 33 | C29: 30 | D29: 78 | E29: 238 | F29: 35 | G29: 35 | H29: FALSE | I29: FALSE | J29: TRUE | K29: FALSE | L29: - | M29: - | N29: - | O29: - | P29: - | Q29: - | R29: - | S29: - | T29: - | U29: - | V29: - | W29: - | X29: - | Y29: - | Z29: =IF(X29="-","",IF(X29="Sliding",Y29,"")) | AA29: =IF(X29="-","",IF(X29="Toppling",Y29,"")) | AB29: =IF(X29="invalid","Invalid",IF(Z29="",AA29,Z29))
A30: 28 | B30: 30 | C30: 55 | D30: 77 | E30: 225 | F30: 33 | G30: 38 | H30: TRUE | I30: FALSE | J30: FALSE | K30: FALSE | L30: 7 | M30: 6 | N30: Stable | O30: 0 | P30: 81.654972 | Q30: 50.779139 | R30: 1179.5919 | S30: 1080.6706 | T30: 1.091537 | U30: 126.55754 | V30: 7.0782998 | W30: - | X30: Sliding | Y30: 1.091537 | Z30: =IF(X30="-","",IF(X30="Sliding",Y30,"")) -> 1.091537 | AA30: =IF(X30="-","",IF(X30="Toppling",Y30,"")) | AB30: =IF(X30="invalid","Invalid",IF(Z30="",AA30,Z30)) -> 1.091537
A31: 29 | B31: 25 | C31: 31 | D31: 57 | E31: 214 | F31: 37 | G31: 34 | H31: FALSE | I31: FALSE | J31: FALSE | K31: FALSE | L31: - | M31: - | N31: - | O31: - | P31: - | Q31: - | R31: - | S31: - | T31: - | U31: - | V31: - | W31: - | X31: - | Y31: - | Z31: =IF(X31="-","",IF(X31="Sliding",Y31,"")) | AA31: =IF(X31="-","",IF(X31="Toppling",Y31,"")) | AB31: =IF(X31="invalid","Invalid",IF(Z31="",AA31,Z31))
A32: 30 | B32: 35 | C32: 60 | D32: 78 | E32: 218 | F32: 31 | G32: 35 | H32: FALSE | I32: FALSE | J32: FALSE | K32: TRUE | L32: - | M32: - | N32: - | O32: - | P32: - | Q32: - | R32: - | S32: - | T32: - | U32: - | V32: - | W32: - | X32: - | Y32: - | Z32: =IF(X32="-","",IF(X32="Sliding",Y32,"")) | AA32: =IF(X32="-","",IF(X32="Toppling",Y32,"")) | AB32: =IF(X32="invalid","Invalid",IF(Z32="",AA32,Z32))
A33: 31 | B33: 39 | C33: 62 | D33: 69 | E33: 218 | F33: 31 | G33: 39 | H33: FALSE | I33: FALSE | J33: FALSE | K33: TRUE | L33: - | M33: - | N33: - | O33: - | P33: - | Q33: - | R33: - | S33: - | T33: - | U33: - | V33: - | W33: - | X33: - | Y33: - | Z33: =IF(X33="-","",IF(X33="Sliding",Y33,"")) | AA33: =IF(X33="-","",IF(X33="Toppling",Y33,"")) | AB33: =IF(X33="invalid","Invalid",IF(Z33="",AA33,Z33))
A34: 32 | B34: 30 | C34: 61 | D34: 62 | E34: 238 | F34: 37 | G34: 36 | H34: TRUE | I34: FALSE | J34: FALSE | K34: FALSE | L34: 8 | M34: 0 | N34: Toppling | O34: 73.720522 | P34: 127.97192 | Q34: 124.55939 | R34: 96.127234 | S34: 124.55939 | T34: 0.77173813 | U34: 276.0537 | V34: 201.20941 | W34: 1.3719721 | X34: Sliding | Y34: 0.77173813 | Z34: =IF(X34="-","",IF(X34="Sliding",Y34,"")) -> 0.77173813 | AA34: =IF(X34="-","",IF(X34="Toppling",Y34,"")) | AB34: =IF(X34="invalid","Invalid",IF(Z34="",AA34,Z34)) -> 0.77173813
A35: 33 | B35: 32 | C35: 39 | D35: 68 | E35: 224 | F35: 29 | G35: 38 | H35: FALSE | I35: FALSE | J35: FALSE | K35: TRUE | L35: - | M35: - | N35: - | O35: - | P35: - | Q35: - | R35: - | S35: - | T35: - | U35: - | V35: - | W35: - | X35: - | Y35: - | Z35: =IF(X35="-","",IF(X35="Sliding",Y35,"")) | AA35: =IF(X35="-","",IF(X35="Toppling",Y35,"")) | AB35: =IF(X35="invalid","Invalid",IF(Z35="",AA35,Z35))
A36: 34 | B36: 38 | C36: 47 | D36: 66 | E36: 217 | F36: 36 | G36: 38 | H36: FALSE | I36: FALSE | J36: FALSE | K36: TRUE | L36: - | M36: - | N36: - | O36: - | P36: - | Q36: - | R36: - | S36: - | T36: - | U36: - | V36: - | W36: - | X36: - | Y36: - | Z36: =IF(X36="-","",IF(X36="Sliding",Y36,"")) | AA36: =IF(X36="-","",IF(X36="Toppling",Y36,"")) | AB36: =IF(X36="invalid","Invalid",IF(Z36="",AA36,Z36))
A37: 35 | B37: 21 | C37: 43 | D37: 73 | E37: 228 | F37: 34 | G37: 40 | H37: TRUE | I37: FALSE | J37: FALSE | K37: FALSE | L37: 9 | M37: 2 | N37: Stable | O37: 0 | P37: 130.85894 | Q37: 52.906444 | R37: 603.19655 | S37: 362.32768 | T37: 1.6647819 | U37: 218.55818 | V37: 10.746054 | W37: - | X37: Sliding | Y37: 1.6647819 | Z37: =IF(X37="-","",IF(X37="Sliding",Y37,"")) -> 1.6647819 | AA37: =IF(X37="-","",IF(X37="Toppling",Y37,"")) | AB37: =IF(X37="invalid","Invalid",IF(Z37="",AA37,Z37)) -> 1.6647819
A38: 36 | B38: 24 | C38: 46 | D38: 71 | E38: 234 | F38: 35 | G38: 33 | H38: TRUE | I38: FALSE | J38: FALSE | K38: FALSE | L38: 9 | M38: 0 | N38: Toppling | O38: 13.141896 | P38: 109.95035 | Q38: 60.899688 | R38: 77.367079 | S38: 60.899688 | T38: 1.2704019 | U38: 181.96424 | V38: 53.527985 | W38: 3.3994225 | X38: Sliding | Y38: 1.2704019 | Z38: =IF(X38="-","",IF(X38="Sliding",Y38,"")) -> 1.2704019 | AA38: =IF(X38="-","",IF(X38="Toppling",Y38,"")) | AB38: =IF(X38="invalid","Invalid",IF(Z38="",AA38,Z38)) -> 1.2704019
A39: 37 | B39: 33 | C39: 50 | D39: 74 | E39: 227 | F39: 34 | G39: 32 | H39: TRUE | I39: FALSE | J39: FALSE | K39: FALSE | L39: 7 | M39: 6 | N39: Stable | O39: 0 | P39: 59.230239 | Q39: 40.163136 | R39: 977.33173 | S39: 943.3679 | T39: 1.0360027 | U39: 82.569445 | V39: 4.6792205 | W39: - | X39: Sliding | Y39: 1.0360027 | Z39: =IF(X39="-","",IF(X39="Sliding",Y39,"")) -> 1.0360027 | AA39: =IF(X39="-","",IF(X39="Toppling",Y39,"")) | AB39: =IF(X39="invalid","Invalid",IF(Z39="",AA39,Z39)) -> 1.0360027
A40: 38 | B40: 32 | C40: 44 | D40: 70 | E40: 231 | F40: 35 | G40: 36 | H40: TRUE | I40: FALSE | J40: FALSE | K40: FALSE | L40: 7 | M40: 2 | N40: Stable | O40: 0 | P40: 89.723383 | Q40: 59.011648 | R40: 383.06691 | S40: 351.44395 | T40: 1.0899801 | U40: 152.23131 | V40: 8.3055175 | W40: - | X40: Sliding | Y40: 1.0899801 | Z40: =IF(X40="-","",IF(X40="Sliding",Y40,"")) -> 1.0899801 | AA40: =IF(X40="-","",IF(X40="Toppling",Y40,"")) | AB40: =IF(X40="invalid","Invalid",IF(Z40="",AA40,Z40)) -> 1.0899801
A41: 39 | B41: 35 | C41: 51 | D41: 70 | E41: 201 | F41: 38 | G41: 33 | H41: FALSE | I41: FALSE | J41: FALSE | K41: FALSE | L41: - | M41: - | N41: - | O41: - | P41: - | Q41: - | R41: - | S41: - | T41: - | U41: - | V41: - | W41: - | X41: - | Y41: - | Z41: =IF(X41="-","",IF(X41="Sliding",Y41,"")) | AA41: =IF(X41="-","",IF(X41="Toppling",Y41,"")) | AB41: =IF(X41="invalid","Invalid",IF(Z41="",AA41,Z41))
A42: 40 | B42: 27 | C42: 57 | D42: 75 | E42: 218 | F42: 37 | G42: 34 | H42: TRUE | I42: FALSE | J42: FALSE | K42: FALSE | L42: 8 | M42: 7 | N42: Stable | O42: 0 | P42: 120.73581 | Q42: 64.046601 | R42: 1530.0162 | S42: 1072.4704 | T42: 1.4266279 | U42: 211.83445 | V42: 11.112149 | W42: - | X42: Sliding | Y42: 1.4266279 | Z42: =IF(X42="-","",IF(X42="Sliding",Y42,"")) -> 1.4266279 | AA42: =IF(X42="-","",IF(X42="Toppling",Y42,"")) | AB42: =IF(X42="invalid","Invalid",IF(Z42="",AA42,Z42)) -> 1.4266279
A43: 41 | B43: 39 | C43: 40 | D43: 80 | E43: 240 | F43: 34 | G43: 35 | H43: FALSE | I43: FALSE | J43: FALSE | K43: TRUE | L43: - | M43: - | N43: - | O43: - | P43: - | Q43: - | R43: - | S43: - | T43: - | U43: - | V43: - | W43: - | X43: - | Y43: - | Z43: =IF(X43="-","",IF(X43="Sliding",Y43,"")) | AA43: =IF(X43="-","",IF(X43="Toppling",Y43,"")) | AB43: =IF(X43="invalid","Invalid",IF(Z43="",AA43,Z43))
A44: 42 | B44: 29 | C44: 62 | D44: 70 | E44: 215 | F44: 38 | G44: 38 | H44: TRUE | I44: FALSE | J44: FALSE | K44: FALSE | L44: 8 | M44: 2 | N44: Stable | O44: 0 | P44: 66.574091 | Q44: 38.919915 | R44: 390.00696 | S44: 302.46526 | T44: 1.2894273 | U44: 91.340129 | V44: 4.8294347 | W44: - | X44: Sliding | Y44: 1.2894273 | Z44: =IF(X44="-","",IF(X44="Sliding",Y44,"")) -> 1.2894273 | AA44: =IF(X44="-","",IF(X44="Toppling",Y44,"")) | AB44: =IF(X44="invalid","Invalid",IF(Z44="",AA44,Z44)) -> 1.2894273
A45: 43 | B45: 27 | C45: 60 | D45: 78 | E45: 231 | F45: 35 | G45: 37 | H45: TRUE | I45: FALSE | J45: FALSE | K45: FALSE | L45: 8 | M45: 7 | N45: Stable | O45: 0 | P45: 101.43143 | Q45: 54.380948 | R45: 1461.22 | S45: 1096.4675 | T45: 1.3326614 | U45: 162.86544 | V45: 8.6797804 | W45: - | X45: Sliding | Y45: 1.3326614 | Z45: =IF(X45="-","",IF(X45="Sliding",Y45,"")) -> 1.3326614 | AA45: =IF(X45="-","",IF(X45="Toppling",Y45,"")) | AB45: =IF(X45="invalid","Invalid",IF(Z45="",AA45,Z45)) -> 1.3326614
A46: 44 | B46: 26 | C46: 45 | D46: 83 | E46: 231 | F46: 33 | G46: 32 | H46: TRUE | I46: FALSE | J46: FALSE | K46: FALSE | L46: 9 | M46: 8 | N46: Stable | O46: 0 | P46: 169.27918 | Q46: 86.044228 | R46: 1576.9812 | S46: 1198.1489 | T46: 1.3161813 | U46: 341.12532 | V46: 18.081264 | W46: - | X46: Sliding | Y46: 1.3161813 | Z46: =IF(X46="-","",IF(X46="Sliding",Y46,"")) -> 1.3161813 | AA46: =IF(X46="-","",IF(X46="Toppling",Y46,"")) | AB46: =IF(X46="invalid","Invalid",IF(Z46="",AA46,Z46)) -> 1.3161813
A47: 45 | B47: 24 | C47: 43 | D47: 71 | E47: 225 | F47: 36 | G47: 34 | H47: TRUE | I47: FALSE | J47: FALSE | K47: FALSE | L47: 8 | M47: 2 | N47: Stable | O47: 0 | P47: 117.41976 | Q47: 54.728568 | R47: 486.94765 | S47: 305.7174 | T47: 1.5928032 | U47: 195.01242 | V47: 9.7772144 | W47: - | X47: Sliding | Y47: 1.5928032 | Z47: =IF(X47="-","",IF(X47="Sliding",Y47,"")) -> 1.5928032 | AA47: =IF(X47="-","",IF(X47="Toppling",Y47,"")) | AB47: =IF(X47="invalid","Invalid",IF(Z47="",AA47,Z47)) -> 1.5928032
A48: 46 | B48: 31 | C48: 42 | D48: 79 | E48: 227 | F48: 40 | G48: 33 | H48: TRUE | I48: FALSE | J48: FALSE | K48: FALSE | L48: 8 | M48: 7 | N48: Stable | O48: 0 | P48: 52.896687 | Q48: 33.374267 | R48: 1224.9858 | S48: 908.98355 | T48: 1.3476436 | U48: 66.346164 | V48: 3.76289 | W48: - | X48: Sliding | Y48: 1.3476436 | Z48: =IF(X48="-","",IF(X48="Sliding",Y48,"")) -> 1.3476436 | AA48: =IF(X48="-","",IF(X48="Toppling",Y48,"")) | AB48: =IF(X48="invalid","Invalid",IF(Z48="",AA48,Z48)) -> 1.3476436
A49: 47 | B49: 32 | C49: 54 | D49: 53 | E49: 211 | F49: 36 | G49: 32 | H49: FALSE | I49: FALSE | J49: FALSE | K49: FALSE | L49: - | M49: - | N49: - | O49: - | P49: - | Q49: - | R49: - | S49: - | T49: - | U49: - | V49: - | W49: - | X49: - | Y49: - | Z49: =IF(X49="-","",IF(X49="Sliding",Y49,"")) | AA49: =IF(X49="-","",IF(X49="Toppling",Y49,"")) | AB49: =IF(X49="invalid","Invalid",IF(Z49="",AA49,Z49))
A50: 48 | B50: 32 | C50: 59 | D50: 76 | E50: 226 | F50: 35 | G50: 35 | H50: TRUE | I50: FALSE | J50: FALSE | K50: FALSE | L50: 7 | M50: 6 | N50: Stable | O50: 0 | P50: 156.26173 | Q50: 101.72878 | R50: 1114.3024 | S50: 1012.0001 | T50: 1.1010892 | U50: 344.50419 | V50: 19.435747 | W50: - | X50: Sliding | Y50: 1.1010892 | Z50: =IF(X50="-","",IF(X50="Sliding",Y50,"")) -> 1.1010892 | AA50: =IF(X50="-","",IF(X50="Toppling",Y50,"")) | AB50: =IF(X50="invalid","Invalid",IF(Z50="",AA50,Z50)) -> 1.1010892
A51: 49 | B51: 28 | C51: 34 | D51: 70 | E51: 229 | F51: 34 | G51: 36 | H51: FALSE | I51: FALSE | J51: TRUE | K51: FALSE | L51: - | M51: - | N51: - | O51: - | P51: - | Q51: - | R51: - | S51: - | T51: - | U51: - | V51: - | W51: - | X51: - | Y51: - | Z51: =IF(X51="-","",IF(X51="Sliding",Y51,"")) | AA51: =IF(X51="-","",IF(X51="Toppling",Y51,"")) | AB51: =IF(X51="invalid","Invalid",IF(Z51="",AA51,Z51))
A52: 50 | B52: 21 | C52: 53 | D52: 70 | E52: 232 | F52: 34 | G52: 30 | H52: TRUE | I52: FALSE | J52: FALSE | K52: FALSE | L52: 11 | M52: 0 | N52: Toppling | O52: 182.68167 | P52: 163.86433 | Q52: 209.014 | R52: 111.05158 | S52: 209.014 | T52: 0.53131167 | U52: 293.56821 | V52: 467.87432 | W52: 0.627451 | X52: Sliding | Y52: 0.53131167 | Z52: =IF(X52="-","",IF(X52="Sliding",Y52,"")) -> 0.53131167 | AA52: =IF(X52="-","",IF(X52="Toppling",Y52,"")) | AB52: =IF(X52="invalid","Invalid",IF(Z52="",AA52,Z52)) -> 0.53131167
A53: 51 | B53: 37 | C53: 54 | D53: 63 | E53: 224 | F53: 34 | G53: 36 | H53: FALSE | I53: FALSE | J53: FALSE | K53: TRUE | L53: - | M53: - | N53: - | O53: - | P53: - | Q53: - | R53: - | S53: - | T53: - | U53: - | V53: - | W53: - | X53: - | Y53: - | Z53: =IF(X53="-","",IF(X53="Sliding",Y53,"")) | AA53: =IF(X53="-","",IF(X53="Toppling",Y53,"")) | AB53: =IF(X53="invalid","Invalid",IF(Z53="",AA53,Z53))
A54: 52 | B54: 30 | C54: 54 | D54: 77 | E54: 230 | F54: 34 | G54: 40 | H54: TRUE | I54: FALSE | J54: FALSE | K54: FALSE | L54: 7 | M54: 6 | N54: Stable | O54: 0 | P54: 107.31874 | Q54: 66.717734 | R54: 1242.1251 | S54: 1139.0921 | T54: 1.0904519 | U54: 190.82595 | V54: 10.640351 | W54: - | X54: Sliding | Y54: 1.0904519 | Z54: =IF(X54="-","",IF(X54="Sliding",Y54,"")) -> 1.0904519 | AA54: =IF(X54="-","",IF(X54="Toppling",Y54,"")) | AB54: =IF(X54="invalid","Invalid",IF(Z54="",AA54,Z54)) -> 1.0904519
A55: 53 | B55: 30 | C55: 44 | D55: 84 | E55: 225 | F55: 33 | G55: 34 | H55: TRUE | I55: FALSE | J55: FALSE | K55: FALSE | L55: 7 | M55: 6 | N55: Stable | O55: 0 | P55: 115.43649 | Q55: 71.815986 | R55: 1300.1801 | S55: 1198.8373 | T55: 1.0845342 | U55: 211.05733 | V55: 12.145848 | W55: - | X55: Sliding | Y55: 1.0845342 | Z55: =IF(X55="-","",IF(X55="Sliding",Y55,"")) -> 1.0845342 | AA55: =IF(X55="-","",IF(X55="Toppling",Y55,"")) | AB55: =IF(X55="invalid","Invalid",IF(Z55="",AA55,Z55)) -> 1.0845342
A56: 54 | B56: 38 | C56: 59 | D56: 64 | E56: 227 | F56: 32 | G56: 37 | H56: FALSE | I56: FALSE | J56: FALSE | K56: TRUE | L56: - | M56: - | N56: - | O56: - | P56: - | Q56: - | R56: - | S56: - | T56: - | U56: - | V56: - | W56: - | X56: - | Y56: - | Z56: =IF(X56="-","",IF(X56="Sliding",Y56,"")) | AA56: =IF(X56="-","",IF(X56="Toppling",Y56,"")) | AB56: =IF(X56="invalid","Invalid",IF(Z56="",AA56,Z56))
A57: 55 | B57: 26 | C57: 57 | D57: 62 | E57: 228 | F57: 32 | G57: 36 | H57: TRUE | I57: FALSE | J57: FALSE | K57: FALSE | L57: 8 | M57: 0 | N57: Sliding | O57: 55.23658 | P57: 117.5815 | Q57: 91.320184 | R57: 72.353318 | S57: 91.320184 | T57: 0.79230368 | U57: 211.49056 | V57: 136.12381 | W57: 1.5536633 | X57: Sliding | Y57: 0.79230368 | Z57: =IF(X57="-","",IF(X57="Sliding",Y57,"")) -> 0.79230368 | AA57: =IF(X57="-","",IF(X57="Toppling",Y57,"")) | AB57: =IF(X57="invalid","Invalid",IF(Z57="",AA57,Z57)) -> 0.79230368
A58: 56 | B58: 23 | C58: 29 | D58: 78 | E58: 225 | F58: 35 | G58: 33 | H58: FALSE | I58: FALSE | J58: TRUE | K58: FALSE | L58: - | M58: - | N58: - | O58: - | P58: - | Q58: - | R58: - | S58: - | T58: - | U58: - | V58: - | W58: - | X58: - | Y58: - | Z58: =IF(X58="-","",IF(X58="Sliding",Y58,"")) | AA58: =IF(X58="-","",IF(X58="Toppling",Y58,"")) | AB58: =IF(X58="invalid","Invalid",IF(Z58="",AA58,Z58))
A59: 57 | B59: 23 | C59: 41 | D59: 65 | E59: 228 | F59: 33 | G59: 35 | H59: TRUE | I59: FALSE | J59: FALSE | K59: FALSE | L59: 9 | M59: 1 | N59: Stable | O59: 0 | P59: 45.464094 | Q59: 20.259575 | R59: 113.91019 | S59: 90.639356 | T59: 1.256741 | U59: 46.932315 | V59: 2.2883728 | W59: - | X59: Sliding | Y59: 1.256741 | Z59: =IF(X59="-","",IF(X59="Sliding",Y59,"")) -> 1.256741 | AA59: =IF(X59="-","",IF(X59="Toppling",Y59,"")) | AB59: =IF(X59="invalid","Invalid",IF(Z59="",AA59,Z59)) -> 1.256741
A60: 58 | B60: 29 | C60: 38 | D60: 71 | E60: 227 | F60: 38 | G60: 37 | H60: TRUE | I60: FALSE | J60: FALSE | K60: FALSE | L60: 8 | M60: 3 | N60: Stable | O60: 0 | P60: 69.139402 | Q60: 40.931688 | R60: 700.00812 | S60: 538.24415 | T60: 1.3005401 | U60: 97.172043 | V60: 5.170871 | W60: - | X60: Sliding | Y60: 1.3005401 | Z60: =IF(X60="-","",IF(X60="Sliding",Y60,"")) -> 1.3005401 | AA60: =IF(X60="-","",IF(X60="Toppling",Y60,"")) | AB60: =IF(X60="invalid","Invalid",IF(Z60="",AA60,Z60)) -> 1.3005401
A61: 59 | B61: 31 | C61: 60 | D61: 81 | E61: 222 | F61: 34 | G61: 40 | H61: TRUE | I61: FALSE | J61: FALSE | K61: FALSE | L61: 7 | M61: 6 | N61: Stable | O61: 0 | P61: 138.49574 | Q61: 89.113479 | R61: 1295.2849 | S61: 1190.7984 | T61: 1.0877449 | U61: 283.34965 | V61: 16.381057 | W61: - | X61: Sliding | Y61: 1.0877449 | Z61: =IF(X61="-","",IF(X61="Sliding",Y61,"")) -> 1.0877449 | AA61: =IF(X61="-","",IF(X61="Toppling",Y61,"")) | AB61: =IF(X61="invalid","Invalid",IF(Z61="",AA61,Z61)) -> 1.0877449
A62: 60 | B62: 33 | C62: 35 | D62: 65 | E62: 218 | F62: 38 | G62: 38 | H62: TRUE | I62: FALSE | J62: FALSE | K62: FALSE | L62: 7 | M62: 2 | N62: Stable | O62: 0 | P62: 103.83768 | Q62: 70.781636 | R62: 374.60417 | S62: 332.78186 | T62: 1.1256749 | U62: 194.81941 | V62: 10.448824 | W62: - | X62: Sliding | Y62: 1.1256749 | Z62: =IF(X62="-","",IF(X62="Sliding",Y62,"")) -> 1.1256749 | AA62: =IF(X62="-","",IF(X62="Toppling",Y62,"")) | AB62: =IF(X62="invalid","Invalid",IF(Z62="",AA62,Z62)) -> 1.1256749
A63: 61 | B63: 29 | C63: 55 | D63: 84 | E63: 231 | F63: 34 | G63: 34 | H63: TRUE | I63: FALSE | J63: FALSE | K63: FALSE | L63: 8 | M63: 7 | N63: Stable | O63: 0 | P63: 69.97623 | Q63: 40.737747 | R63: 1240.7586 | S63: 1050.3407 | T63: 1.1812916 | U63: 96.206198 | V63: 5.384204 | W63: - | X63: Sliding | Y63: 1.1812916 | Z63: =IF(X63="-","",IF(X63="Sliding",Y63,"")) -> 1.1812916 | AA63: =IF(X63="-","",IF(X63="Toppling",Y63,"")) | AB63: =IF(X63="invalid","Invalid",IF(Z63="",AA63,Z63)) -> 1.1812916
A64: 62 | B64: 18 | C64: 46 | D64: 85 | E64: 219 | F64: 39 | G64: 37 | H64: TRUE | I64: FALSE | J64: FALSE | K64: FALSE | L64: 10 | M64: 9 | N64: Stable | O64: 0 | P64: 161.06626 | Q64: 55.599042 | R64: 2881.5529 | S64: 1186.561 | T64: 2.4284912 | U64: 280.25866 | V64: 13.411076 | W64: - | X64: Sliding | Y64: 2.4284912 | Z64: =IF(X64="-","",IF(X64="Sliding",Y64,"")) -> 2.4284912 | AA64: =IF(X64="-","",IF(X64="Toppling",Y64,"")) | AB64: =IF(X64="invalid","Invalid",IF(Z64="",AA64,Z64)) -> 2.4284912
A65: 63 | B65: 34 | C65: 51 | D65: 79 | E65: 236 | F65: 35 | G65: 39 | H65: TRUE | I65: FALSE | J65: FALSE | K65: FALSE | L65: 7 | M65: 0 | N65: Sliding | O65: 5.1608425 | P65: 93.76743 | Q65: 72.858206 | R65: 65.777808 | S65: 72.858206 | T65: 0.90281948 | U65: 176.52339 | V65: 32.928634 | W65: 5.360787 | X65: Sliding | Y65: 0.90281948 | Z65: =IF(X65="-","",IF(X65="Sliding",Y65,"")) -> 0.90281948 | AA65: =IF(X65="-","",IF(X65="Toppling",Y65,"")) | AB65: =IF(X65="invalid","Invalid",IF(Z65="",AA65,Z65)) -> 0.90281948
A66: 64 | B66: 32 | C66: 48 | D66: 73 | E66: 211 | F66: 34 | G66: 36 | H66: FALSE | I66: FALSE | J66: FALSE | K66: FALSE | L66: - | M66: - | N66: - | O66: - | P66: - | Q66: - | R66: - | S66: - | T66: - | U66: - | V66: - | W66: - | X66: - | Y66: - | Z66: =IF(X66="-","",IF(X66="Sliding",Y66,"")) | AA66: =IF(X66="-","",IF(X66="Toppling",Y66,"")) | AB66: =IF(X66="invalid","Invalid",IF(Z66="",AA66,Z66))
A67: 65 | B67: 41 | C67: 43 | D67: 62 | E67: 218 | F67: 35 | G67: 32 | H67: FALSE | I67: FALSE | J67: FALSE | K67: TRUE | L67: - | M67: - | N67: - | O67: - | P67: - | Q67: - | R67: - | S67: - | T67: - | U67: - | V67: - | W67: - | X67: - | Y67: - | Z67: =IF(X67="-","",IF(X67="Sliding",Y67,"")) | AA67: =IF(X67="-","",IF(X67="Toppling",Y67,"")) | AB67: =IF(X67="invalid","Invalid",IF(Z67="",AA67,Z67))
A68: 66 | B68: 27 | C68: 67 | D68: 75 | E68: 223 | F68: 30 | G68: 37 | H68: TRUE | I68: FALSE | J68: FALSE | K68: FALSE | L68: 9 | M68: 3 | N68: Stable | O68: 0 | P68: 51.342267 | Q68: 27.445993 | R68: 506.39283 | S68: 456.10917 | T68: 1.1102448 | U68: 58.876064 | V68: 3.1018212 | W68: - | X68: Sliding | Y68: 1.1102448 | Z68: =IF(X68="-","",IF(X68="Sliding",Y68,"")) -> 1.1102448 | AA68: =IF(X68="-","",IF(X68="Toppling",Y68,"")) | AB68: =IF(X68="invalid","Invalid",IF(Z68="",AA68,Z68)) -> 1.1102448
A69: 67 | B69: 27 | C69: 57 | D69: 71 | E69: 214 | F69: 34 | G69: 34 | H69: FALSE | I69: FALSE | J69: FALSE | K69: FALSE | L69: - | M69: - | N69: - | O69: - | P69: - | Q69: - | R69: - | S69: - | T69: - | U69: - | V69: - | W69: - | X69: - | Y69: - | Z69: =IF(X69="-","",IF(X69="Sliding",Y69,"")) | AA69: =IF(X69="-","",IF(X69="Toppling",Y69,"")) | AB69: =IF(X69="invalid","Invalid",IF(Z69="",AA69,Z69))
A70: 68 | B70: 25 | C70: 46 | D70: 76 | E70: 224 | F70: 33 | G70: 35 | H70: TRUE | I70: FALSE | J70: FALSE | K70: FALSE | L70: 8 | M70: 2 | N70: Stable | O70: 0 | P70: 110.66739 | Q70: 53.327582 | R70: 596.3422 | S70: 430.47494 | T70: 1.3853122 | U70: 178.66698 | V70: 9.1674006 | W70: - | X70: Sliding | Y70: 1.3853122 | Z70: =IF(X70="-","",IF(X70="Sliding",Y70,"")) -> 1.3853122 | AA70: =IF(X70="-","",IF(X70="Toppling",Y70,"")) | AB70: =IF(X70="invalid","Invalid",IF(Z70="",AA70,Z70)) -> 1.3853122
A71: 69 | B71: 32 | C71: 31 | D71: 71 | E71: 232 | F71: 38 | G71: 33 | H71: FALSE | I71: FALSE | J71: TRUE | K71: FALSE | L71: - | M71: - | N71: - | O71: - | P71: - | Q71: - | R71: - | S71: - | T71: - | U71: - | V71: - | W71: - | X71: - | Y71: - | Z71: =IF(X71="-","",IF(X71="Sliding",Y71,"")) | AA71: =IF(X71="-","",IF(X71="Toppling",Y71,"")) | AB71: =IF(X71="invalid","Invalid",IF(Z71="",AA71,Z71))
A72: 70 | B72: 28 | C72: 29 | D72: 77 | E72: 230 | F72: 36 | G72: 30 | H72: FALSE | I72: FALSE | J72: TRUE | K72: FALSE | L72: - | M72: - | N72: - | O72: - | P72: - | Q72: - | R72: - | S72: - | T72: - | U72: - | V72: - | W72: - | X72: - | Y72: - | Z72: =IF(X72="-","",IF(X72="Sliding",Y72,"")) | AA72: =IF(X72="-","",IF(X72="Toppling",Y72,"")) | AB72: =IF(X72="invalid","Invalid",IF(Z72="",AA72,Z72))
A73: 71 | B73: 32 | C73: 59 | D73: 76 | E73: 236 | F73: 39 | G73: 39 | H73: TRUE | I73: FALSE | J73: FALSE | K73: FALSE | L73: 7 | M73: 6 | N73: Stable | O73: 0 | P73: 83.150545 | Q73: 54.994438 | R73: 1275.3076 | S73: 1006.8349 | T73: 1.2666502 | U73: 134.84063 | V73: 7.6785959 | W73: - | X73: Sliding | Y73: 1.2666502 | Z73: =IF(X73="-","",IF(X73="Sliding",Y73,"")) -> 1.2666502 | AA73: =IF(X73="-","",IF(X73="Toppling",Y73,"")) | AB73: =IF(X73="invalid","Invalid",IF(Z73="",AA73,Z73)) -> 1.2666502
A74: 72 | B74: 23 | C74: 82 | D74: 66 | E74: 234 | F74: 35 | G74: 36 | H74: FALSE | I74: FALSE | J74: TRUE | K74: FALSE | L74: - | M74: - | N74: - | O74: - | P74: - | Q74: - | R74: - | S74: - | T74: - | U74: - | V74: - | W74: - | X74: - | Y74: - | Z74: =IF(X74="-","",IF(X74="Sliding",Y74,"")) | AA74: =IF(X74="-","",IF(X74="Toppling",Y74,"")) | AB74: =IF(X74="invalid","Invalid",IF(Z74="",AA74,Z74))
A75: 73 | B75: 37 | C75: 55 | D75: 71 | E75: 211 | F75: 36 | G75: 36 | H75: FALSE | I75: TRUE | J75: FALSE | K75: FALSE | L75: - | M75: - | N75: - | O75: - | P75: - | Q75: - | R75: - | S75: - | T75: - | U75: - | V75: - | W75: - | X75: - | Y75: - | Z75: =IF(X75="-","",IF(X75="Sliding",Y75,"")) | AA75: =IF(X75="-","",IF(X75="Toppling",Y75,"")) | AB75: =IF(X75="invalid","Invalid",IF(Z75="",AA75,Z75))
A76: 74 | B76: 32 | C76: 47 | D76: 59 | E76: 211 | F76: 30 | G76: 34 | H76: FALSE | I76: TRUE | J76: FALSE | K76: FALSE | L76: - | M76: - | N76: - | O76: - | P76: - | Q76: - | R76: - | S76: - | T76: - | U76: - | V76: - | W76: - | X76: - | Y76: - | Z76: =IF(X76="-","",IF(X76="Sliding",Y76,"")) | AA76: =IF(X76="-","",IF(X76="Toppling",Y76,"")) | AB76: =IF(X76="invalid","Invalid",IF(Z76="",AA76,Z76))
A77: 75 | B77: 36 | C77: 35 | D77: 77 | E77: 220 | F77: 36 | G77: 39 | H77: FALSE | I77: FALSE | J77: FALSE | K77: TRUE | L77: - | M77: - | N77: - | O77: - | P77: - | Q77: - | R77: - | S77: - | T77: - | U77: - | V77: - | W77: - | X77: - | Y77: - | Z77: =IF(X77="-","",IF(X77="Sliding",Y77,"")) | AA77: =IF(X77="-","",IF(X77="Toppling",Y77,"")) | AB77: =IF(X77="invalid","Invalid",IF(Z77="",AA77,Z77))
A78: 76 | B78: 38 | C78: 52 | D78: 90 | E78: 223 | F78: 35 | G78: 36 | H78: FALSE | I78: FALSE | J78: FALSE | K78: TRUE | L78: - | M78: - | N78: - | O78: - | P78: - | Q78: - | R78: - | S78: - | T78: - | U78: - | V78: - | W78: - | X78: - | Y78: - | Z78: =IF(X78="-","",IF(X78="Sliding",Y78,"")) | AA78: =IF(X78="-","",IF(X78="Toppling",Y78,"")) | AB78: =IF(X78="invalid","Invalid",IF(Z78="",AA78,Z78))
A79: 77 | B79: 28 | C79: 29 | D79: 64 | E79: 231 | F79: 32 | G79: 34 | H79: FALSE | I79: FALSE | J79: TRUE | K79: FALSE | L79: - | M79: - | N79: - | O79: - | P79: - | Q79: - | R79: - | S79: - | T79: - | U79: - | V79: - | W79: - | X79: - | Y79: - | Z79: =IF(X79="-","",IF(X79="Sliding",Y79,"")) | AA79: =IF(X79="-","",IF(X79="Toppling",Y79,"")) | AB79: =IF(X79="invalid","Invalid",IF(Z79="",AA79,Z79))
A80: 78 | B80: 27 | C80: 47 | D80: 65 | E80: 225 | F80: 32 | G80: 36 | H80: TRUE | I80: FALSE | J80: FALSE | K80: FALSE | L80: 8 | M80: 1 | N80: Stable | O80: 0 | P80: 62.6669 | Q80: 33.368517 | R80: 122.71513 | S80: 103.59723 | T80: 1.1845407 | U80: 80.83768 | V80: 4.068045 | W80: - | X80: Sliding | Y80: 1.1845407 | Z80: =IF(X80="-","",IF(X80="Sliding",Y80,"")) -> 1.1845407 | AA80: =IF(X80="-","",IF(X80="Toppling",Y80,"")) | AB80: =IF(X80="invalid","Invalid",IF(Z80="",AA80,Z80)) -> 1.1845407
A81: 79 | B81: 32 | C81: 34 | D81: 62 | E81: 217 | F81: 35 | G81: 40 | H81: FALSE | I81: FALSE | J81: TRUE | K81: FALSE | L81: - | M81: - | N81: - | O81: - | P81: - | Q81: - | R81: - | S81: - | T81: - | U81: - | V81: - | W81: - | X81: - | Y81: - | Z81: =IF(X81="-","",IF(X81="Sliding",Y81,"")) | AA81: =IF(X81="-","",IF(X81="Toppling",Y81,"")) | AB81: =IF(X81="invalid","Invalid",IF(Z81="",AA81,Z81))
A82: 80 | B82: 25 | C82: 51 | D82: 66 | E82: 210 | F82: 31 | G82: 35 | H82: FALSE | I82: FALSE | J82: FALSE | K82: FALSE | L82: - | M82: - | N82: - | O82: - | P82: - | Q82: - | R82: - | S82: - | T82: - | U82: - | V82: - | W82: - | X82: - | Y82: - | Z82: =IF(X82="-","",IF(X82="Sliding",Y82,"")) | AA82: =IF(X82="-","",IF(X82="Toppling",Y82,"")) | AB82: =IF(X82="invalid","Invalid",IF(Z82="",AA82,Z82))
A83: 81 | B83: 26 | C83: 59 | D83: 73 | E83: 222 | F83: 33 | G83: 30 | H83: TRUE | I83: FALSE | J83: FALSE | K83: FALSE | L83: 9 | M83: 2 | N83: Stable | O83: 0 | P83: 77.5067 | Q83: 38.945742 | R83: 426.17017 | S83: 333.77216 | T83: 1.2768296 | U83: 106.9192 | V83: 5.4968 | W83: - | X83: Sliding | Y83: 1.2768296 | Z83: =IF(X83="-","",IF(X83="Sliding",Y83,"")) -> 1.2768296 | AA83: =IF(X83="-","",IF(X83="Toppling",Y83,"")) | AB83: =IF(X83="invalid","Invalid",IF(Z83="",AA83,Z83)) -> 1.2768296
A84: 82 | B84: 24 | C84: 51 | D84: 65 | E84: 230 | F84: 34 | G84: 35 | H84: TRUE | I84: FALSE | J84: FALSE | K84: FALSE | L84: 9 | M84: 1 | N84: Stable | O84: 0 | P84: 57.686168 | Q84: 27.427122 | R84: 203.20889 | S84: 181.27878 | T84: 1.1209745 | U84: 68.552965 | V84: 3.3691527 | W84: - | X84: Sliding | Y84: 1.1209745 | Z84: =IF(X84="-","",IF(X84="Sliding",Y84,"")) -> 1.1209745 | AA84: =IF(X84="-","",IF(X84="Toppling",Y84,"")) | AB84: =IF(X84="invalid","Invalid",IF(Z84="",AA84,Z84)) -> 1.1209745
A85: 83 | B85: 28 | C85: 58 | D85: 85 | E85: 235 | F85: 32 | G85: 31 | H85: TRUE | I85: FALSE | J85: FALSE | K85: FALSE | L85: 7 | M85: 6 | N85: Stable | O85: 0 | P85: 173.51646 | Q85: 98.100877 | R85: 1450.7049 | S85: 1284.9285 | T85: 1.129016 | U85: 370.13108 | V85: 20.500854 | W85: - | X85: Sliding | Y85: 1.129016 | Z85: =IF(X85="-","",IF(X85="Sliding",Y85,"")) -> 1.129016 | AA85: =IF(X85="-","",IF(X85="Toppling",Y85,"")) | AB85: =IF(X85="invalid","Invalid",IF(Z85="",AA85,Z85)) -> 1.129016
A86: 84 | B86: 32 | C86: 50 | D86: 71 | E86: 224 | F86: 36 | G86: 38 | H86: TRUE | I86: FALSE | J86: FALSE | K86: FALSE | L86: 7 | M86: 3 | N86: Stable | O86: 0 | P86: 88.461817 | Q86: 58.528544 | R86: 563.38585 | S86: 511.97808 | T86: 1.1004101 | U86: 149.09822 | V86: 8.24706 | W86: - | X86: Sliding | Y86: 1.1004101 | Z86: =IF(X86="-","",IF(X86="Sliding",Y86,"")) -> 1.1004101 | AA86: =IF(X86="-","",IF(X86="Toppling",Y86,"")) | AB86: =IF(X86="invalid","Invalid",IF(Z86="",AA86,Z86)) -> 1.1004101
A87: 85 | B87: 34 | C87: 37 | D87: 57 | E87: 206 | F87: 37 | G87: 34 | H87: FALSE | I87: FALSE | J87: FALSE | K87: FALSE | L87: - | M87: - | N87: - | O87: - | P87: - | Q87: - | R87: - | S87: - | T87: - | U87: - | V87: - | W87: - | X87: - | Y87: - | Z87: =IF(X87="-","",IF(X87="Sliding",Y87,"")) | AA87: =IF(X87="-","",IF(X87="Toppling",Y87,"")) | AB87: =IF(X87="invalid","Invalid",IF(Z87="",AA87,Z87))
A88: 86 | B88: 31 | C88: 51 | D88: 70 | E88: 220 | F88: 36 | G88: 41 | H88: TRUE | I88: FALSE | J88: FALSE | K88: FALSE | L88: 7 | M88: 2 | N88: Stable | O88: 0 | P88: 80.058175 | Q88: 51.226634 | R88: 405.06849 | S88: 353.6829 | T88: 1.1452872 | U88: 126.3532 | V88: 6.8326675 | W88: - | X88: Sliding | Y88: 1.1452872 | Z88: =IF(X88="-","",IF(X88="Sliding",Y88,"")) -> 1.1452872 | AA88: =IF(X88="-","",IF(X88="Toppling",Y88,"")) | AB88: =IF(X88="invalid","Invalid",IF(Z88="",AA88,Z88)) -> 1.1452872
A89: 87 | B89: 34 | C89: 60 | D89: 74 | E89: 215 | F89: 34 | G89: 34 | H89: FALSE | I89: FALSE | J89: FALSE | K89: FALSE | L89: - | M89: - | N89: - | O89: - | P89: - | Q89: - | R89: - | S89: - | T89: - | U89: - | V89: - | W89: - | X89: - | Y89: - | Z89: =IF(X89="-","",IF(X89="Sliding",Y89,"")) | AA89: =IF(X89="-","",IF(X89="Toppling",Y89,"")) | AB89: =IF(X89="invalid","Invalid",IF(Z89="",AA89,Z89))
A90: 88 | B90: 29 | C90: 61 | D90: 74 | E90: 237 | F90: 37 | G90: 35 | H90: TRUE | I90: FALSE | J90: FALSE | K90: FALSE | L90: 7 | M90: 6 | N90: Stable | O90: 0 | P90: 132.58162 | Q90: 78.10611 | R90: 1526.0175 | S90: 1189.8627 | T90: 1.2825156 | U90: 256.18044 | V90: 13.804318 | W90: - | X90: Sliding | Y90: 1.2825156 | Z90: =IF(X90="-","",IF(X90="Sliding",Y90,"")) -> 1.2825156 | AA90: =IF(X90="-","",IF(X90="Toppling",Y90,"")) | AB90: =IF(X90="invalid","Invalid",IF(Z90="",AA90,Z90)) -> 1.2825156
A91: 89 | B91: 28 | C91: 46 | D91: 76 | E91: 220 | F91: 32 | G91: 34 | H91: TRUE | I91: FALSE | J91: FALSE | K91: FALSE | L91: 7 | M91: 6 | N91: Stable | O91: 0 | P91: 67.573157 | Q91: 38.102189 | R91: 1248.4035 | S91: 1115.8385 | T91: 1.118803 | U91: 90.904116 | V91: 4.8842464 | W91: - | X91: Sliding | Y91: 1.118803 | Z91: =IF(X91="-","",IF(X91="Sliding",Y91,"")) -> 1.118803 | AA91: =IF(X91="-","",IF(X91="Toppling",Y91,"")) | AB91: =IF(X91="invalid","Invalid",IF(Z91="",AA91,Z91)) -> 1.118803
A92: 90 | B92: 32 | C92: 53 | D92: 68 | E92: 217 | F92: 34 | G92: 31 | H92: TRUE | I92: FALSE | J92: FALSE | K92: FALSE | L92: 7 | M92: 0 | N92: Sliding | O92: 7.8124314 | P92: 69.662409 | Q92: 52.632088 | R92: 47.132366 | S92: 52.632088 | T92: 0.89550629 | U92: 109.99779 | V92: 28.01097 | W92: 3.9269542 | X92: Sliding | Y92: 0.89550629 | Z92: =IF(X92="-","",IF(X92="Sliding",Y92,"")) -> 0.89550629 | AA92: =IF(X92="-","",IF(X92="Toppling",Y92,"")) | AB92: =IF(X92="invalid","Invalid",IF(Z92="",AA92,Z92)) -> 0.89550629
A93: 91 | B93: 36 | C93: 48 | D93: 74 | E93: 242 | F93: 36 | G93: 35 | H93: FALSE | I93: FALSE | J93: FALSE | K93: TRUE | L93: - | M93: - | N93: - | O93: - | P93: - | Q93: - | R93: - | S93: - | T93: - | U93: - | V93: - | W93: - | X93: - | Y93: - | Z93: =IF(X93="-","",IF(X93="Sliding",Y93,"")) | AA93: =IF(X93="-","",IF(X93="Toppling",Y93,"")) | AB93: =IF(X93="invalid","Invalid",IF(Z93="",AA93,Z93))
A94: 92 | B94: 28 | C94: 29 | D94: 67 | E94: 231 | F94: 33 | G94: 34 | H94: FALSE | I94: FALSE | J94: TRUE | K94: FALSE | L94: - | M94: - | N94: - | O94: - | P94: - | Q94: - | R94: - | S94: - | T94: - | U94: - | V94: - | W94: - | X94: - | Y94: - | Z94: =IF(X94="-","",IF(X94="Sliding",Y94,"")) | AA94: =IF(X94="-","",IF(X94="Toppling",Y94,"")) | AB94: =IF(X94="invalid","Invalid",IF(Z94="",AA94,Z94))
A95: 93 | B95: 36 | C95: 58 | D95: 59 | E95: 226 | F95: 33 | G95: 33 | H95: FALSE | I95: FALSE | J95: FALSE | K95: TRUE | L95: - | M95: - | N95: - | O95: - | P95: - | Q95: - | R95: - | S95: - | T95: - | U95: - | V95: - | W95: - | X95: - | Y95: - | Z95: =IF(X95="-","",IF(X95="Sliding",Y95,"")) | AA95: =IF(X95="-","",IF(X95="Toppling",Y95,"")) | AB95: =IF(X95="invalid","Invalid",IF(Z95="",AA95,Z95))
A96: 94 | B96: 23 | C96: 43 | D96: 70 | E96: 218 | F96: 36 | G96: 31 | H96: TRUE | I96: FALSE | J96: FALSE | K96: FALSE | L96: 9 | M96: 1 | N96: Stable | O96: 0 | P96: 71.676923 | Q96: 32.723928 | R96: 208.90904 | S96: 162.09301 | T96: 1.288822 | U96: 92.460355 | V96: 4.6105984 | W96: - | X96: Sliding | Y96: 1.288822 | Z96: =IF(X96="-","",IF(X96="Sliding",Y96,"")) -> 1.288822 | AA96: =IF(X96="-","",IF(X96="Toppling",Y96,"")) | AB96: =IF(X96="invalid","Invalid",IF(Z96="",AA96,Z96)) -> 1.288822
A97: 95 | B97: 22 | C97: 69 | D97: 64 | E97: 216 | F97: 33 | G97: 36 | H97: TRUE | I97: FALSE | J97: FALSE | K97: FALSE | L97: 10 | M97: 0 | N97: Toppling | O97: 101.72719 | P97: 148.09514 | Q97: 125.22511 | R97: 95.390957 | S97: 125.22511 | T97: 0.76175585 | U97: 258.54317 | V97: 239.29499 | W97: 1.0804371 | X97: Sliding | Y97: 0.76175585 | Z97: =IF(X97="-","",IF(X97="Sliding",Y97,"")) -> 0.76175585 | AA97: =IF(X97="-","",IF(X97="Toppling",Y97,"")) | AB97: =IF(X97="invalid","Invalid",IF(Z97="",AA97,Z97)) -> 0.76175585
A98: 96 | B98: 29 | C98: 59 | D98: 71 | E98: 240 | F98: 33 | G98: 33 | H98: TRUE | I98: FALSE | J98: FALSE | K98: FALSE | L98: 8 | M98: 2 | N98: Stable | O98: 0 | P98: 79.916146 | Q98: 47.488159 | R98: 430.21409 | S98: 409.37431 | T98: 1.0509064 | U98: 121.06509 | V98: 6.435168 | W98: - | X98: Sliding | Y98: 1.0509064 | Z98: =IF(X98="-","",IF(X98="Sliding",Y98,"")) -> 1.0509064 | AA98: =IF(X98="-","",IF(X98="Toppling",Y98,"")) | AB98: =IF(X98="invalid","Invalid",IF(Z98="",AA98,Z98)) -> 1.0509064
A99: 97 | B99: 19 | C99: 51 | D99: 72 | E99: 237 | F99: 34 | G99: 36 | H99: TRUE | I99: FALSE | J99: FALSE | K99: FALSE | L99: 10 | M99: 1 | N99: Stable | O99: 0 | P99: 115.80943 | Q99: 42.362105 | R99: 243.38632 | S99: 134.67585 | T99: 1.8072009 | U99: 177.83644 | V99: 8.6042916 | W99: - | X99: Sliding | Y99: 1.8072009 | Z99: =IF(X99="-","",IF(X99="Sliding",Y99,"")) -> 1.8072009 | AA99: =IF(X99="-","",IF(X99="Toppling",Y99,"")) | AB99: =IF(X99="invalid","Invalid",IF(Z99="",AA99,Z99)) -> 1.8072009
A100: 98 | B100: 38 | C100: 46 | D100: 86 | E100: 214 | F100: 34 | G100: 38 | H100: FALSE | I100: TRUE | J100: FALSE | K100: FALSE | L100: - | M100: - | N100: - | O100: - | P100: - | Q100: - | R100: - | S100: - | T100: - | U100: - | V100: - | W100: - | X100: - | Y100: - | Z100: =IF(X100="-","",IF(X100="Sliding",Y100,"")) | AA100: =IF(X100="-","",IF(X100="Toppling",Y100,"")) | AB100: =IF(X100="invalid","Invalid",IF(Z100="",AA100,Z100))
...

Sheet Analysis Details 3
A1: Results of Trial # | C1: 1
A2: Total Blocks = | B2: 11
A3: Slope Height, H = | B3: 15 | C3: m
A4: Slope Angle, yS = | B4: 70 | C4: °
A5: Top Angle, yts= | B5: 2.5 | C5: °
A6: Dip of Set A, ya = | B6: 21.214362 | C6: °
A7: Dip of Set B, yb = | B7: 68.366004 | C7: °
A8: Unit Wt. Rock, grock = | B8: 26 | C8: kN/m3
A9: Unit Wt. Water, gwater = | B9: 9.81 | C9: kN/m3
A10: Seismic Coefficient = | B10: 0 | C10: g
A11: Pore Pressure = | B11: 0.1
A12: Toe Block Support = | B12: 0 | C12: kN
A13: Blocks Bolted Together = | B13: No
A14: Overall Slope Geometry
B16: x | C16: y
A17: Left Limit of Slope | B17: -10 | C17: 0
A18: Slope Toe | B18: 0 | C18: 0
A19: Slope Crest | B19: 5.4595535 | C19: 15
A20: Right Limit of Slope | B20: 44.103129 | C20: 16.687215
A21: Block | B21: Coordinates | D21: Water Table | F21: Centre of Mass | H21: Wn | I21: K | J21: V1 | K21: V2 | L21: V3 | M21: y1 | N21: y2 | O21: y3 | P21: yk | Q21: xw | R21: Sb | S21: Mn | T21: Ln | U21: fa | V21: fb | W21: Pn | X21: Pn-1:T | Y21: Pn-1:S | Z21: Pn-1 | AA21: Rn | AB21: Sn | AC21: Sliding | AD21: Mode
B22: x | C22: y | D22: x | E22: y | F22: x | G22: y | H22: (kN) | I22: (kN) | J22: (kN) | K22: (kN) | L22: (kN) | M22: (m) | N22: (m) | O22: (m) | P22: (m) | Q22: (m) | R22: (m) | S22: (m) | T22: (m) | U22: (°) | V22: (°) | W22: (kN) | X22: (kN) | Y22: (kN) | Z22: (kN) | AA22: (kN) | AB22: (kN)
A23: Block 1 | B23: 0 | C23: 0 | D23: 0 | E23: 0 | F23: 1.2143246 | G23: 1.490593 | H23: 93.292128 | I23: 0 | J23: 0.34439543 | K23: 3.2721165 | L23: 0 | M23: 0.076580754 | N23: 1.6783761 | O23: 0 | P23: 1.490593 | Q23: 1.2143246 | R23: 2.5174967 | S23: 2.8321383 | T23: 0 | U23: 33.374028 | V23: 33.052294 | W23: 84.863864 | X23: 0 | Y23: 0 | Z23: 0 | AA23: 139.5419 | AB23: 118.56006 | AC23: FALSE | AD23: See Analysis Details 2
B24: 0 | C24: 0 | D24: 2.2418628 | E24: 1.175979
B25: 2.3469567 | C25: 0.9110014
B26: 1.296017 | C26: 3.5607775
A27: Block 2 | B27: 1.296017 | C27: 3.5607775 | D27: 2.2418628 | E27: 1.175979 | F27: 2.8258494 | G27: 3.8355061 | H27: 268.9215 | I27: 0 | J27: 1.2208406 | K27: 4.5177187 | L27: 0 | M27: 0.15919074 | N27: 2.0757964 | O27: 0 | P27: 2.4311739 | Q27: 0.67455478 | R27: 2.6911121 | S27: 5.3473138 | T27: 2.3198613 | U27: 33.374028 | V27: 33.052294 | W27: 102.52583 | X27: 84.863864 | Y27: -10.76042 | Z27: 84.863864 | AA27: 257.81055 | AB27: 116.10959 | AC27: FALSE | AD27: Toppling
B28: 2.1512946 | C28: 1.4043322 | D28: 4.4622364 | E28: 2.8770554
B29: 4.6601057 | C29: 2.3781594
B30: 2.681412 | C30: 7.3671188
A31: Block 3 | B31: 2.681412 | C31: 7.3671188 | D31: 4.4622364 | E31: 2.8770554 | F31: 4.4895094 | G31: 6.3996535 | H31: 383.6863 | I31: 0 | J31: 2.3177897 | K31: 6.3970722 | L31: 0 | M31: 0.22849782 | N31: 1.8258003 | O31: 0 | P31: 3.3193485 | Q31: 0.10788474 | R31: 2.4581513 | S31: 7.3770453 | T31: 4.6116696 | U31: 33.374028 | V31: 33.052294 | W31: 86.888576 | X31: 102.52583 | Y31: -73.780388 | Z31: 102.52583 | AA31: 341.01547 | AB31: 125.59547 | AC31: FALSE | AD31: Toppling
B32: 4.3816246 | C32: 3.080305 | D32: 6.4006183 | E32: 4.6572438
B33: 6.6732561 | C33: 3.9698312
B34: 3.9468777 | C34: 10.843957
A35: Block 4 | B35: 3.9468777 | C35: 10.843957 | D35: 6.4006183 | E35: 4.6572438 | F35: 6.2211729 | G35: 8.9629418 | H35: 576.30593 | I35: 0 | J35: 4.0652743 | K35: 13.254081 | L35: 0.047789656 | M35: 0.30684621 | N35: 1.6978938 | O35: 0.035395638 | P35: 4.4044049 | Q35: -0.218594 | R35: 2.6777372 | S35: 9.7741371 | T35: 6.7617311 | U35: 33.374028 | V35: 33.052294 | W35: 54.507697 | X35: 86.888576 | Y35: -181.59636 | Z35: 86.888576 | AA35: 502.7198 | AB35: 180.33275 | AC35: FALSE | AD35: Toppling
B36: 6.4397669 | C36: 4.5585369 | D36: 8.5750369 | E36: 6.4379099
B37: 8.9361091 | C37: 5.5275242
B38: 5.3253872 | C38: 14.631381
A39: Block 5 | B39: 5.3253872 | C39: 14.631381 | D39: 8.5750369 | E39: 6.4379099 | F39: 8.1423311 | G39: 10.757832 | H39: 575.15971 | I39: 0 | J39: 3.2700857 | K39: 14.111449 | L39: 0.69485366 | M39: 0.2751306 | N39: 1.3541834 | O39: 0.13496758 | P39: 4.696303 | Q39: -0.5819838 | R39: 2.4116893 | S39: 8.7661602 | T39: 9.219277 | U39: 33.374028 | V39: 33.052294 | W39: 20.546811 | X39: 54.507697 | Y39: -216.59216 | Z39: 54.507697 | AA39: 499.74366 | AB39: 176.90333 | AC39: FALSE | AD39: Toppling
B40: 8.7243149 | C40: 6.0615294 | D40: 10.648793 | E40: 7.7507497
B41: 10.972632 | C41: 6.9342424
B42: 7.7342454 | C42: 15.099315
A43: Block 6 | B43: 7.7342454 | C43: 15.099315 | D43: 10.648793 | E43: 7.7507497 | F43: 10.573879 | G43: 11.609791 | H43: 548.28113 | I43: 0 | J43: 2.1749574 | K43: 11.498725 | L43: 0.16354346 | M43: 0.21855047 | N43: 1.6437269 | O43: 0.0654786 | P43: 4.0416401 | Q43: -0.14733495 | R43: 2.7628064 | S43: 7.1433334 | T43: 8.1018772 | U43: 33.374028 | V43: 33.052294 | W43: 12.406819 | X43: 20.546811 | Y43: -216.72613 | Z43: 20.546811 | AA43: 494.28562 | AB43: 192.31043 | AC43: FALSE | AD43: Toppling
B44: 10.721214 | C44: 7.5681513 | D44: 13.032759 | E44: 9.2338176
B45: 13.296863 | C45: 8.5679224
B46: 10.655826 | C46: 15.226874
A47: Block 7 | B47: 10.655826 | C47: 15.226874 | D47: 13.032759 | E47: 9.2338176 | F47: 12.876289 | G47: 12.407279 | H47: 334.68086 | I47: 0 | J47: 1.4290776 | K47: 6.1890523 | L47: 0.020205315 | M47: 0.17825654 | N47: 1.3188026 | O47: 0.023015245 | P47: 3.2376432 | Q47: -0.18192588 | R47: 2.0891584 | S47: 5.791433 | T47: 6.5162575 | U47: 33.374028 | V47: 33.052294 | W47: 2.6043511 | X47: 12.406819 | Y47: -137.9151 | Z47: 12.406819 | AA47: 299.37171 | AB47: 112.76038 | AC47: FALSE | AD47: Toppling
B48: 13.058215 | C48: 9.1696356 | D48: 14.791769 | E48: 10.465405
B49: 15.00585 | C49: 9.9256351
B50: 12.865045 | C50: 15.323331
A51: Block 8 | B51: 12.865045 | C51: 15.323331 | D51: 14.791769 | E51: 10.465405 | F51: 14.786422 | G51: 13.054974 | H51: 250.88346 | I51: 0 | J51: 0.9115835 | K51: 4.7394589 | L51: 0.021572238 | M51: 0.1403629 | N51: 1.2086927 | O51: 0.023781016 | P51: 2.6558873 | Q51: -0.0316494 | R51: 1.9424795 | S51: 4.623469 | T51: 5.2974039 | U51: 33.374028 | V51: 33.052294 | W51: 0 | X51: 2.6043511 | Y51: -105.51316 | Z51: 2.6043511 | AA51: 227.43524 | AB51: 89.082369 | AC51: FALSE | AD51: Toppling
B52: 14.818072 | C52: 10.399087 | D52: 16.457983 | E52: 11.533109
B53: 16.628964 | C53: 11.102008
B54: 14.919156 | C54: 15.413015
A55: Block 9 | B55: 14.919156 | C55: 15.413015 | D55: 16.457983 | E55: 11.533109 | F55: 16.720902 | G55: 13.911194 | H55: 201.97922 | I55: 0 | J55: 0.36394384 | K55: 1.2295488 | L55: 0 | M55: 0.080576508 | N55: 2.0283614 | O55: 0 | P55: 1.95929 | Q55: 0.42901886 | R55: 2.3350511 | S55: 2.9132595 | T55: 3.7233954 | U55: 33.374028 | V55: 33.052294 | W55: 0 | X55: -22.594861 | Y55: -88.602742 | Z55: 0 | AA55: 187.06484 | AB55: 73.451783 | AC55: FALSE | AD55: Stable
B56: 16.291883 | C56: 11.951904 | D56: 18.360718 | E56: 13.069278
B57: 18.468754 | C57: 12.796884
B58: 17.388399 | C58: 15.520825
A59: Block 10 | B59: 17.388399 | C59: 15.520825 | D59: 18.360718 | E59: 13.069278 | F59: 18.907636 | G59: 14.627939 | H59: 120.70569 | I59: 0 | J59: 0.10976489 | K59: 0.68129876 | L59: 0 | M59: 0.036666565 | N59: 2.0084611 | O59: 0 | P59: 1.3348044 | Q59: 0.6357027 | R59: 2.3179021 | S59: 1.5923188 | T59: 2.3965049 | U59: 33.374028 | V59: 33.052294 | W59: 0 | X59: -31.446022 | Y59: -53.203854 | Z59: 0 | AA59: 111.84535 | AB59: 43.788112 | AC59: FALSE | AD59: Stable
B60: 18.271933 | C60: 13.293135 | D60: 20.373486 | E60: 14.281502
B61: 20.432816 | C61: 14.131909
B62: 19.839508 | C62: 15.627842
A63: Block 11 | B63: 19.839508 | C63: 15.627842 | D63: 20.373486 | E63: 14.281502 | F63: 20.839025 | G63: 15.360604 | H63: 31.695598 | I63: 0 | J63: 0.0023208568 | K63: 0.0097466903 | L63: 0 | M63: -0.0074157216 | N63: 2.0471142 | O63: 0 | P63: 0.60614907 | Q63: 0.65311933 | R63: 2.0775088 | S63: 0.21879072 | T63: 0.93957342 | U63: 33.374028 | V63: 33.052294 | W63: 0 | X63: -22.01113 | Y63: -14.215876 | Z63: 0 | AA63: 29.537957 | AB63: 11.471635 | AC63: FALSE | AD63: Stable
B64: 20.185906 | C64: 14.754454 | D64: 22.114053 | E64: 15.527991
B65: 22.12268 | C65: 15.506238 | D65: 44.103129 | E65: 16.687215
B66: 22.036408 | C66: 15.723761
BM83: delta x = | BN83: 10
AU85: (b) | BI85: (a)
AU86: n | AV86: Wn | AW86: Xw | AX86: Mn | AY86: Ln | AZ86: Pn | BA86: Pn-1:T | BB86: Pn-1:S | BC86: Pn-1 | BD86: Rn | BE86: Sn | BF86: Mode | BI86: n | BJ86: Wn | BK86: yn | BL86: Δx/y | BM86: < tanya? | BN86: Mn | BO86: Ln | BP86: Pn | BQ86: Pn-1:T | BR86: Pn-1:S | BS86: Pn-1 | BT86: Rn | BU86: Sn | BV86: Mode | BX86: wn % diff. | BY86: %error
AV87: (kN) | AW87: (m) | AX87: (m) | AY87: (m) | AZ87: (kN) | BA87: (kN) | BB87: (kN) | BC87: (kN) | BD87: (kN) | BE87: (kN) | BJ87: (kN) | BK87: (m) | BN87: (m) | BO87: (m) | BP87: (kN) | BQ87: (kN) | BR87: (kN) | BS87: (kN) | BT87: (kN) | BU87: (kN)
AU88: 16 | AV88: 1833.2031 | AW88: 1.9489746 | AX88: 4.8940916 | AY88: 9.7714157 | AZ88: 0 | BA88: -365.64468 | BB88: -862.91858 | BC88: 0 | BD88: 1587.6005 | BE88: 916.60156 | BF88: Stable | BI88: 16 | BJ88: =BK88*10*25 -> 1000 | BK88: 4 | BL88: =10/BK88 -> 2.5 | BM88: =IF(BL88<TAN(RADIANS($B$6)),"yes","no") -> no | BN88: 4 | BO88: 4 | BP88: 0 | BQ88: =(BP88*(BN88-$BN$83*TAN(RADIANS($V$23)))+(BJ88/2)*(BK88*SIN(RADIANS($B$6))-$BN$83*COS(RADIANS($B$6))))/BO88 -> -984.36228 | BR88: =BP88-((BJ88*(COS(RADIANS($B$6))*TAN(RADIANS($V$23))-SIN(RADIANS($B$6))))/(1-(TAN(RADIANS($V$23))*TAN(RADIANS($U$23))))) -> -428.36521 | BS88: =IF(AND(BQ88 <0,BR88<0),0,MAX(BQ88:BR88)) -> 0 | BT88: =BJ88*COS(RADIANS($B$6))+(BP88-BS88)*TAN(RADIANS($U$23)) -> 932.23313 | BU88: =BJ88*SIN(RADIANS($B$6))+(BP88-BS88) -> 361.85826 | BV88: Stable | BX88: =ABS(BU88-BE88)/((BE88+BU88)/2) -> 0.86783064 | BY88: =ABS(BJ88-AV88)/BJ88 -> 0.83320313
AU89: 15 | AV89: 3302.5146 | AW89: 0.72369385 | AX89: 10.771419 | AY89: 15.648739 | AZ89: 0 | BA89: -152.72858 | BB89: -1554.5475 | BC89: 0 | BD89: 2860.0615 | BE89: 1651.2573 | BF89: Stable | BI89: 15 | BJ89: =BK89*10*25 -> 2500 | BK89: 10 | BL89: =10/BK89 -> 1 | BM89: =IF(BL89<TAN(RADIANS($B$6)),"yes","no") -> no | BN89: 5 | BO89: 10 | BP89: =BS88 -> 0 | BQ89: =(BP89*(BN89-$BN$83*TAN(RADIANS($V$23)))+(BJ89/2)*(BK89*SIN(RADIANS($B$6))-$BN$83*COS(RADIANS($B$6))))/BO89 -> -712.96859 | BR89: =BP89-((BJ89*(COS(RADIANS($B$6))*TAN(RADIANS($V$23))-SIN(RADIANS($B$6))))/(1-(TAN(RADIANS($V$23))*TAN(RADIANS($U$23))))) -> -1070.913 | BS89: =IF(AND(BQ89 <0,BR89<0),0,MAX(BQ89:BR89)) -> 0 | BT89: =BJ89*COS(RADIANS($B$6))+(BP89-BS89)*TAN(RADIANS($U$23)) -> 2330.5828 | BU89: =BJ89*SIN(RADIANS($B$6))+(BP89-BS89) -> 904.64564 | BV89: Stable | BX89: =ABS(BU89-BE89)/((BE89+BU89)/2) -> 0.58422537 | BY89: =ABS(BJ89-AV89)/BJ89 -> 0.32100586
AU90: 14 | AV90: 4771.8506 | AW90: -0.65215302 | AX90: 16.648743 | AY90: 21.526062 | AZ90: 0 | BA90: 144.56786 | BB90: -2246.1877 | BC90: 144.56786 | BD90: 4018.9844 | BE90: 2241.3574 | BF90: Toppling | BI90: 14 | BJ90: =BK90*10*25 -> 4000 | BK90: 16 | BL90: =10/BK90 -> 0.625 | BM90: =IF(BL90<TAN(RADIANS($B$6)),"yes","no") -> no | BN90: 11 | BO90: 16 | BP90: =BS89 -> 0 | BQ90: =(BP90*(BN90-$BN$83*TAN(RADIANS($V$23)))+(BJ90/2)*(BK90*SIN(RADIANS($B$6))-$BN$83*COS(RADIANS($B$6))))/BO90 -> -441.57489 | BR90: =BP90-((BJ90*(COS(RADIANS($B$6))*TAN(RADIANS($V$23))-SIN(RADIANS($B$6))))/(1-(TAN(RADIANS($V$23))*TAN(RADIANS($U$23))))) -> -1713.4608 | BS90: =IF(AND(BQ90 <0,BR90<0),0,MAX(BQ90:BR90)) -> 0 | BT90: =BJ90*COS(RADIANS($B$6))+(BP90-BS90)*TAN(RADIANS($U$23)) -> 3728.9325 | BU90: =BJ90*SIN(RADIANS($B$6))+(BP90-BS90) -> 1447.433 | BV90: Stable | BX90: =ABS(BU90-BE90)/((BE90+BU90)/2) -> 0.43045242 | BY90: =ABS(BJ90-AV90)/BJ90 -> 0.19296265
AU91: 13 | AV91: 6241.1807 | AW91: -2.0718536 | AX91: 22.526066 | AY91: 27.403385 | AZ91: 144.56786 | BA91: 549.26654 | BB91: -2793.2576 | BC91: 549.26654 | BD91: 5087.126 | BE91: 2715.8916 | BF91: Toppling | BI91: 13 | BJ91: =BK91*10*25 -> 5500 | BK91: 22 | BL91: =10/BK91 -> 0.45454545 | BM91: =IF(BL91<TAN(RADIANS($B$6)),"yes","no") -> no | BN91: 17 | BO91: 22 | BP91: =BS90 -> 0 | BQ91: =(BP91*(BN91-$BN$83*TAN(RADIANS($V$23)))+(BJ91/2)*(BK91*SIN(RADIANS($B$6))-$BN$83*COS(RADIANS($B$6))))/BO91 -> -170.1812 | BR91: =BP91-((BJ91*(COS(RADIANS($B$6))*TAN(RADIANS($V$23))-SIN(RADIANS($B$6))))/(1-(TAN(RADIANS($V$23))*TAN(RADIANS($U$23))))) -> -2356.0086 | BS91: =IF(AND(BQ91 <0,BR91<0),0,MAX(BQ91:BR91)) -> 0 | BT91: =BJ91*COS(RADIANS($B$6))+(BP91-BS91)*TAN(RADIANS($U$23)) -> 5127.2822 | BU91: =BJ91*SIN(RADIANS($B$6))+(BP91-BS91) -> 1990.2204 | BV91: Toppling | BX91: =ABS(BU91-BE91)/((BE91+BU91)/2) -> 0.3083952 | BY91: =ABS(BJ91-AV91)/BJ91 -> 0.13476012
AU92: 12 | AV92: 7710.5039 | AW92: -3.5105667 | AX92: 28.403389 | AY92: 33.280708 | AZ92: 549.26654 | BA92: 1152.4612 | BB92: -3080.1931 | BC92: 1152.4612 | BD92: 6203.6768 | BE92: 3252.0574 | BF92: Toppling | BI92: 12 | BJ92: =BK92*10*25 -> 7000 | BK92: 28 | BL92: =10/BK92 -> 0.35714286 | BM92: =IF(BL92<TAN(RADIANS($B$6)),"yes","no") -> yes | BN92: 23 | BO92: 28 | BP92: =BS91 -> 0 | BQ92: =(BP92*(BN92-$BN$83*TAN(RADIANS($V$23)))+(BJ92/2)*(BK92*SIN(RADIANS($B$6))-$BN$83*COS(RADIANS($B$6))))/BO92 -> 101.21249 | BR92: =BP92-((BJ92*(COS(RADIANS($B$6))*TAN(RADIANS($V$23))-SIN(RADIANS($B$6))))/(1-(TAN(RADIANS($V$23))*TAN(RADIANS($U$23))))) -> -2998.5564 | BS92: =IF(AND(BQ92 <0,BR92<0),0,MAX(BQ92:BR92)) -> 101.21249 | BT92: =BJ92*COS(RADIANS($B$6))+(BP92-BS92)*TAN(RADIANS($U$23)) -> 6458.9603 | BU92: =BJ92*SIN(RADIANS($B$6))+(BP92-BS92) -> 2431.7953 | BV92: Toppling | BX92: =ABS(BU92-BE92)/((BE92+BU92)/2) -> 0.2886289 | BY92: =ABS(BJ92-AV92)/BJ92 -> 0.10150056
AU93: 11 | AV93: 9179.8398 | AW93: -4.959053 | AX93: 34.280708 | AY93: 39.158028 | AZ93: 1152.4612 | BA93: 1940.2866 | BB93: -3168.6389 | BC93: 1940.2866 | BD93: 7331.1294 | BE93: 3802.0945 | BF93: Toppling | BI93: 11 | BJ93: =BK93*10*25 -> 8500 | BK93: 34 | BL93: =10/BK93 -> 0.29411765 | BM93: =IF(BL93<TAN(RADIANS($B$6)),"yes","no") -> yes | BN93: 29 | BO93: 34 | BP93: =BS92 -> 101.21249 | BQ93: =(BP93*(BN93-$BN$83*TAN(RADIANS($V$23)))+(BJ93/2)*(BK93*SIN(RADIANS($B$6))-$BN$83*COS(RADIANS($B$6))))/BO93 -> 439.56403 | BR93: =BP93-((BJ93*(COS(RADIANS($B$6))*TAN(RADIANS($V$23))-SIN(RADIANS($B$6))))/(1-(TAN(RADIANS($V$23))*TAN(RADIANS($U$23))))) -> -3539.8918 | BS93: =IF(AND(BQ93 <0,BR93<0),0,MAX(BQ93:BR93)) -> 439.56403 | BT93: =BJ93*COS(RADIANS($B$6))+(BP93-BS93)*TAN(RADIANS($U$23)) -> 7701.0998 | BU93: =BJ93*SIN(RADIANS($B$6))+(BP93-BS93) -> 2737.4437 | BV93: Toppling | BX93: =ABS(BU93-BE93)/((BE93+BU93)/2) -> 0.32560429 | BY93: =ABS(BJ93-AV93)/BJ93 -> 0.079981158
AU94: 10 | AV94: 9632.4463 | AW94: -5.2254181 | AX94: 40.158028 | AY94: 36.068642 | AZ94: 1940.2866 | BA94: 3133.2061 | BB94: -2593.8628 | BC94: 3133.2061 | BD94: 7404.8926 | BE94: 3623.3037 | BF94: Toppling | BI94: 10 | BJ94: =BK94*10*25 -> 10000 | BK94: 40 | BL94: =10/BK94 -> 0.25 | BM94: =IF(BL94<TAN(RADIANS($B$6)),"yes","no") -> yes | BN94: 35 | BO94: 35 | BP94: =BS93 -> 439.56403 | BQ94: =(BP94*(BN94-$BN$83*TAN(RADIANS($V$23)))+(BJ94/2)*(BK94*SIN(RADIANS($B$6))-$BN$83*COS(RADIANS($B$6))))/BO94 -> 1093.8419 | BR94: =BP94-((BJ94*(COS(RADIANS($B$6))*TAN(RADIANS($V$23))-SIN(RADIANS($B$6))))/(1-(TAN(RADIANS($V$23))*TAN(RADIANS($U$23))))) -> -3844.088 | BS94: =IF(AND(BQ94 <0,BR94<0),0,MAX(BQ94:BR94)) -> 1093.8419 | BT94: =BJ94*COS(RADIANS($B$6))+(BP94-BS94)*TAN(RADIANS($U$23)) -> 8891.3399 | BU94: =BJ94*SIN(RADIANS($B$6))+(BP94-BS94) -> 2964.3047 | BV94: Toppling | BX94: =ABS(BU94-BE94)/((BE94+BU94)/2) -> 0.20007231 | BY94: =ABS(BJ94-AV94)/BJ94 -> 0.036755371
AU95: 9 | AV95: 8641.2051 | AW95: -4.2216339 | AX95: 37.068642 | AY95: 32.061016 | AZ95: 3133.2061 | BA95: 3992.7629 | BB95: -934.34991 | BC95: 3992.7629 | BD95: 6808.3125 | BE95: 3461.0457 | BF95: Toppling | BI95: 9 | BJ95: =BK95*10*25 -> 9000 | BK95: 36 | BL95: =10/BK95 -> 0.27777778 | BM95: =IF(BL95<TAN(RADIANS($B$6)),"yes","no") -> yes | BN95: 36 | BO95: 31 | BP95: =BS94 -> 1093.8419 | BQ95: =(BP95*(BN95-$BN$83*TAN(RADIANS($V$23)))+(BJ95/2)*(BK95*SIN(RADIANS($B$6))-$BN$83*COS(RADIANS($B$6))))/BO95 -> 1578.4246 | BR95: =BP95-((BJ95*(COS(RADIANS($B$6))*TAN(RADIANS($V$23))-SIN(RADIANS($B$6))))/(1-(TAN(RADIANS($V$23))*TAN(RADIANS($U$23))))) -> -2761.4449 | BS95: =IF(AND(BQ95 <0,BR95<0),0,MAX(BQ95:BR95)) -> 1578.4246 | BT95: =BJ95*COS(RADIANS($B$6))+(BP95-BS95)*TAN(RADIANS($U$23)) -> 8070.8898 | BU95: =BJ95*SIN(RADIANS($B$6))+(BP95-BS95) -> 2772.1417 | BV95: Toppling | BX95: =ABS(BU95-BE95)/((BE95+BU95)/2) -> 0.22104389 | BY95: =ABS(BJ95-AV95)/BJ95 -> 0.039866102
AU96: 8 | AV96: 7639.3008 | AW96: -3.208004 | AX96: 33.061012 | AY96: 28.053387 | AZ96: 3992.7629 | BA96: 4461.0703 | BB96: 396.81964 | BC96: 4461.0703 | BD96: 6247.9683 | BE96: 3351.343 | BF96: Toppling | BI96: 8 | BJ96: =BK96*10*25 -> 8000 | BK96: 32 | BL96: =10/BK96 -> 0.3125 | BM96: =IF(BL96<TAN(RADIANS($B$6)),"yes","no") -> yes | BN96: 32 | BO96: 27 | BP96: =BS95 -> 1578.4246 | BQ96: =(BP96*(BN96-$BN$83*TAN(RADIANS($V$23)))+(BJ96/2)*(BK96*SIN(RADIANS($B$6))-$BN$83*COS(RADIANS($B$6))))/BO96 -> 1824.7117 | BR96: =BP96-((BJ96*(COS(RADIANS($B$6))*TAN(RADIANS($V$23))-SIN(RADIANS($B$6))))/(1-(TAN(RADIANS($V$23))*TAN(RADIANS($U$23))))) -> -1848.4971 | BS96: =IF(AND(BQ96 <0,BR96<0),0,MAX(BQ96:BR96)) -> 1824.7117 | BT96: =BJ96*COS(RADIANS($B$6))+(BP96-BS96)*TAN(RADIANS($U$23)) -> 7295.6287 | BU96: =BJ96*SIN(RADIANS($B$6))+(BP96-BS96) -> 2648.579 | BV96: Toppling | BX96: =ABS(BU96-BE96)/((BE96+BU96)/2) -> 0.23425773 | BY96: =ABS(BJ96-AV96)/BJ96 -> 0.045087402
AU97: 7 | AV97: 6637.3916 | AW97: -2.1908112 | AX97: 29.053387 | AY97: 24.045755 | AZ97: 4461.0703 | BA97: 4537.5288 | BB97: 1336.7419 | BC97: 4537.5288 | BD97: 5688.0908 | BE97: 3242.2373 | BF97: Toppling | BI97: 7 | BJ97: =BK97*10*25 -> 7000 | BK97: 28 | BL97: =10/BK97 -> 0.35714286 | BM97: =IF(BL97<TAN(RADIANS($B$6)),"yes","no") -> yes | BN97: 28 | BO97: 23 | BP97: =BS96 -> 1824.7117 | BQ97: =(BP97*(BN97-$BN$83*TAN(RADIANS($V$23)))+(BJ97/2)*(BK97*SIN(RADIANS($B$6))-$BN$83*COS(RADIANS($B$6))))/BO97 -> 1828.3638 | BR97: =BP97-((BJ97*(COS(RADIANS($B$6))*TAN(RADIANS($V$23))-SIN(RADIANS($B$6))))/(1-(TAN(RADIANS($V$23))*TAN(RADIANS($U$23))))) -> -1173.8448 | BS97: =IF(AND(BQ97 <0,BR97<0),0,MAX(BQ97:BR97)) -> 1828.3638 | BT97: =BJ97*COS(RADIANS($B$6))+(BP97-BS97)*TAN(RADIANS($U$23)) -> 6523.2261 | BU97: =BJ97*SIN(RADIANS($B$6))+(BP97-BS97) -> 2529.3556 | BV97: Toppling | BX97: =ABS(BU97-BE97)/((BE97+BU97)/2) -> 0.24703118 | BY97: =ABS(BJ97-AV97)/BJ97 -> 0.0518012
AU98: 6 | AV98: 5635.4873 | AW98: -1.1682243 | AX98: 25.045755 | AY98: 20.03813 | AZ98: 4537.5288 | BA98: 4221.2817 | BB98: 1884.8131 | BC98: 4221.2817 | BD98: 5128.8906 | BE98: 3133.9907 | BF98: Toppling | BI98: 6 | BJ98: =BK98*10*25 -> 6000 | BK98: 24 | BL98: =10/BK98 -> 0.41666667 | BM98: =IF(BL98<TAN(RADIANS($B$6)),"yes","no") -> no | BN98: 24 | BO98: 19 | BP98: =BS97 -> 1828.3638 | BQ98: =(BP98*(BN98-$BN$83*TAN(RADIANS($V$23)))+(BJ98/2)*(BK98*SIN(RADIANS($B$6))-$BN$83*COS(RADIANS($B$6))))/BO98 -> 1582.6453 | BR98: =BP98-((BJ98*(COS(RADIANS($B$6))*TAN(RADIANS($V$23))-SIN(RADIANS($B$6))))/(1-(TAN(RADIANS($V$23))*TAN(RADIANS($U$23))))) -> -741.82739 | BS98: =IF(AND(BQ98 <0,BR98<0),0,MAX(BQ98:BR98)) -> 1582.6453 | BT98: =BJ98*COS(RADIANS($B$6))+(BP98-BS98)*TAN(RADIANS($U$23)) -> 5755.2605 | BU98: =BJ98*SIN(RADIANS($B$6))+(BP98-BS98) -> 2416.8681 | BV98: Toppling | BX98: =ABS(BU98-BE98)/((BE98+BU98)/2) -> 0.25838258 | BY98: =ABS(BJ98-AV98)/BJ98 -> 0.060752116
AU99: 5 | AV99: 4633.5786 | AW99: -0.1366539 | AX99: 21.03813 | AY99: 16.030504 | AZ99: 4221.2817 | BA99: 3510.9604 | BB99: 2040.1808 | BC99: 3510.9604 | BD99: 4570.7612 | BE99: 3027.1106 | BF99: Toppling | BI99: 5 | BJ99: =BK99*10*25 -> 5000 | BK99: 20 | BL99: =10/BK99 -> 0.5 | BM99: =IF(BL99<TAN(RADIANS($B$6)),"yes","no") -> no | BN99: 20 | BO99: 15 | BP99: =BS98 -> 1582.6453 | BQ99: =(BP99*(BN99-$BN$83*TAN(RADIANS($V$23)))+(BJ99/2)*(BK99*SIN(RADIANS($B$6))-$BN$83*COS(RADIANS($B$6))))/BO99 -> 1076.1082 | BR99: =BP99-((BJ99*(COS(RADIANS($B$6))*TAN(RADIANS($V$23))-SIN(RADIANS($B$6))))/(1-(TAN(RADIANS($V$23))*TAN(RADIANS($U$23))))) -> -559.18075 | BS99: =IF(AND(BQ99 <0,BR99<0),0,MAX(BQ99:BR99)) -> 1076.1082 | BT99: =BJ99*COS(RADIANS($B$6))+(BP99-BS99)*TAN(RADIANS($U$23)) -> 4994.836 | BU99: =BJ99*SIN(RADIANS($B$6))+(BP99-BS99) -> 2315.8284 | BV99: Toppling | BX99: =ABS(BU99-BE99)/((BE99+BU99)/2) -> 0.2662513 | BY99: =ABS(BJ99-AV99)/BJ99 -> 0.073284277
AU100: 4 | AV100: 3631.6724 | AW100: 0.91127586 | AX100: 17.030504 | AY100: 12.022879 | AZ100: 3510.9604 | BA100: 2404.1675 | BB100: 1801.4731 | BC100: 2404.1675 | BD100: 4014.5178 | BE100: 2922.6292 | BF100: Toppling | BI100: 4 | BJ100: =BK100*10*25 -> 4000 | BK100: 16 | BL100: =10/BK100 -> 0.625 | BM100: =IF(BL100<TAN(RADIANS($B$6)),"yes","no") -> no | BN100: 16 | BO100: 11 | BP100: =BS99 -> 1076.1082 | BQ100: =(BP100*(BN100-$BN$83*TAN(RADIANS($V$23)))+(BJ100/2)*(BK100*SIN(RADIANS($B$6))-$BN$83*COS(RADIANS($B$6))))/BO100 -> 286.38478 | BR100: =BP100-((BJ100*(COS(RADIANS($B$6))*TAN(RADIANS($V$23))-SIN(RADIANS($B$6))))/(1-(TAN(RADIANS($V$23))*TAN(RADIANS($U$23))))) -> -637.35263 | BS100: =IF(AND(BQ100 <0,BR100<0),0,MAX(BQ100:BR100)) -> 286.38478 | BT100: =BJ100*COS(RADIANS($B$6))+(BP100-BS100)*TAN(RADIANS($U$23)) -> 4249.1457 | BU100: =BJ100*SIN(RADIANS($B$6))+(BP100-BS100) -> 2237.1565 | BV100: Toppling | BX100: =ABS(BU100-BE100)/((BE100+BU100)/2) -> 0.26569813 | BY100: =ABS(BJ100-AV100)/BJ100 -> 0.092081909
... AU102: 2 | AV102: 1627.8599 | AW102: 3.1770487 | AX102: 9.0152531 | AY102: 4.0076265 | AZ102: 1166.2937 | BA102: -952.86194 | BB102: 400.03354 | BC102: 400.03354 | BD102: 2011.6732 | BE102: 1580.1902 | BF102: Sliding | BI102: 2 | BJ102: =BK102*10*25 -> 2000 | BK102: 8 | BL102: =10/BK102 -> 1.25 | BM102: =IF(BL102<TAN(RADIANS($B$6)),"yes","no") -> no | BN102: 8 | BO102: 3 | BP102: =BS101 -> 0 | BQ102: =(BP102*(BN102-$BN$83*TAN(RADIANS($V$23)))+(BJ102/2)*(BK102*SIN(RADIANS($B$6))-$BN$83*COS(RADIANS($B$6))))/BO102 -> -2142.4884 | BR102: =BP102-((BJ102*(COS(RADIANS($B$6))*TAN(RADIANS($V$23))-SIN(RADIANS($B$6))))/(1-(TAN(RADIANS($V$23))*TAN(RADIANS($U$23))))) -> -856.73041 | BS102: =IF(AND(BQ102 <0,BR102<0),0,MAX(BQ102:BR102)) -> 0 | BT102: =BJ102*COS(RADIANS($B$6))+(BP102-BS102)*TAN(RADIANS($U$23)) -> 1864.4663 | BU102: =BJ102*SIN(RADIANS($B$6))+(BP102-BS102) -> 723.71652 | BV102: Sliding | BX102: =ABS(BU102-BE102)/((BE102+BU102)/2) -> 0.74349684 | BY102: =ABS(BJ102-AV102)/BJ102 -> 0.18607007
AU103: 1 | AV103: 625.95331 | AW103: 4.9388976 | AX103: 5.007627 | AY103: 0 | AZ103: 400.03354 | BA103: - | BB103: - | BC103: - | BD103: 856.3219 | BE103: 713.01019 | BF103: Sliding | BI103: 1 | BJ103: =BK103*10*25 -> 1000 | BK103: 4 | BL103: =10/BK103 -> 2.5 | BM103: =IF(BL103<TAN(RADIANS($B$6)),"yes","no") -> no | BN103: 4 | BO103: 4 | BP103: =BS102 -> 0 | BQ103: =(BP103*(BN103-$BN$83*TAN(RADIANS($V$23)))+(BJ103/2)*(BK103*SIN(RADIANS($B$6))-$BN$83*COS(RADIANS($B$6))))/BO103 -> -984.36228 | BR103: =BP103-((BJ103*(COS(RADIANS($B$6))*TAN(RADIANS($V$23))-SIN(RADIANS($B$6))))/(1-(TAN(RADIANS($V$23))*TAN(RADIANS($U$23))))) -> -428.36521 | BS103: =IF(AND(BQ103 <0,BR103<0),0,MAX(BQ103:BR103)) -> 0 | BT103: =BJ103*COS(RADIANS($B$6))+(BP103-BS103)*TAN(RADIANS($U$23)) -> 932.23313 | BU103: =BJ103*SIN(RADIANS($B$6))+(BP103-BS103) -> 361.85826 | BV103: Sliding | BX103: =ABS(BU103-BE103)/((BE103+BU103)/2) -> 0.65338588 | BY103: =ABS(BJ103-AV103)/BJ103 -> 0.37404669
BJ109: Rn: Wyllie and Mah (2004)
BJ110: Sn: Wyllie and Mah (2004)
BJ111: Rn: ROCKTOPPLE
BJ112: Sn: ROCKTOPPLE
